Workbook
Name BDFRA: [1]!Tabela1[#All]
Name BITA: [2]!Tabela1[#All]
Name BITA: Tabela1[#All]
Name BITA2: [2]!Tabela2[#All]
Name BITA2: Tabela2[#All]
Name BITAC: BDBRA1!$A$1:$DP$1217
Name CGC: [3]brasil!$BO$2:$BO$21
Name CGV: [3]brasil!$BP$2:$BP$21
Name dash: #REF!
Name dash: #REF!
Name ESCUDOS: INDEX(#REF!,MATCH(#REF!,#REF!,0))
Name ESCUDOS: INDEX(#REF!,MATCH(#REF!,#REF!,0))
Name ESCUDOSFORAITALIA: INDEX(#REF!,MATCH(#REF!,#REF!,0))
Name ESCUDOSFORAITALIA: INDEX(#REF!,MATCH(#REF!,#REF!,0))
Name fthg: #REF!
Name fthg: #REF!
Name GFC: [3]brasil!$AU$2:$AU$21
Name MCFC: [3]brasil!$BM$2:$BM$21
Name MCFV: [3]brasil!$BN$2:$BN$21
Name MGFC.: [3]brasil!$AZ$2:$AZ$21
Name MGFV.: [3]brasil!$BA$2:$BA$21
Name NativeTimeline_Date: #N/A
Name NativeTimeline_Date1: #N/A
Name SegmentaçãodeDados_AwayTeam: #N/A
Name SegmentaçãodeDados_AwayTeam1: #N/A
Name SegmentaçãodeDados_AwayTeam2: #N/A
Name SegmentaçãodeDados_FAVC: #N/A
Name SegmentaçãodeDados_FAVV: #N/A
Name SegmentaçãodeDados_HomeTeam: #N/A
Name SegmentaçãodeDados_HomeTeam1: #N/A
Name SegmentaçãodeDados_HomeTeam2: #N/A
Name TT: BDBRA1!$1:$1048576

Sheet INICIO
B9: Bem Vindo! Tutoriais e Links úteis:
B11: Nosso canal no Youtube
B13: Grupo Big Data Bet Telegram
B16: Atualização com botões para cálculo direto dos filtros dash/ todos jogos
B29: Solicite suas planilhas completas e abertas para edição aqui
B30: Para solicitar as planilhas Big Data Bet
B31: ou aqui
B32: Telegram do desenvolvedor
B34: Como habilitar as macros no excel
B35: OBS: Para usar os recursos de botões para zerar filtros, modo noturno, Copiar
B36: médias do dashboard para a aba CS e atualizar somente com macros habilitadas
B38: Ligas Disponíveis:
... B63: Atualizações:
B64: 44985
B65: Aprimoramentos no botão atualizar do dashboard
B66: Aprimoramentos na aba CS Poisson
B67: Novas ligas adicionadas (sulamericanas)
B68: Adicionado previsão de Goleadas e Handicaps Over na aba CS Poisson
B69: Adicionadas medidas de dispersão das médias de pontos na aba BD
B70: Aplicados filtros na aba Mapa de Valor
B71: 44869
B72: Novas ligas adicionadas (Européias inferiores)
B73: 44846
B74: Melhorias na aba CS - Previsões de mercados pelo Poisson
B75: 44791
B76: Ajustes no botão atualizar do dashboard
B77: Inserido dados de custo do gol na aba BD
B78: Inserido medidas de dispersão do custo do gol na aba BD
B79: Inserido probabilidades de match odds na aba BD
B80: Inserido Juice dos jogos na aba BD
B81: Adicionado Mapa de Valor para análise de tabela dinâmica
B82: 44770
B83: Ajustes botão "Atualizar" do dashboard
B84: Inserido dados de dispersão do peso do gol na aba BD
B85: 44697
B86: Inseridos botões para copiar esperança de gols do dashboard para aba CS
B87: 44696
B88: Melhorias na aba FT/HT
B89: 44674
B90: Melhorias nos filtros do dashboard
B91: 44673
B92: Melhorias na estrutura e layout do banco de dados
B93: 44655
B94: Adicionadas ligas extras
B95: 44640
B96: Adicionado botão de modo noturno no dashboard
B97: 44639
B98: Adicionado volume de jogos em Handicaps asiáticos
B99: 44621
B100: Melhorias no layout do dashboard
B101: 44611
B102: Adicionado valor de odds para match odds e over 2,5 no dashboard
B103: 44563
B104: Adicionado tendências de mercados ao dashboard
B105: 44480
B106: Melhorias na especificação das ranges de odds para match odds
B107: 44336
B108: Adicionado gráfico de evolução dos gols em aba própria
D297: bdb

Sheet DASH
C1: BRASIL1 | D1: =A53 -> Athletico-PR | E1: =A82 -> Athletico-PR | F1: Empate | H1: Juice MO %
C2: Odds Bokkie | D2: 3.4 | E2: 2.4 | F2: 3.3 | G2: Big | H2: =(100/D2)+(100/E2)+(100/F2)-100 -> 1.3814617
C3: Odds Justas | D3: =IFERROR(1/((A29+B33)/2),"N/D") -> 2.0172414 | E3: =IFERROR(1/((B29+A33)/2),"N/D") -> 4.1785714 | F3: =IFERROR(1/((A31+B31)/2),"N/D") -> 3.7741935 | G3: Data | H3: 100
C4: Valor das Odds | D4: =IFERROR((D2/D3)-1,"N/D") -> 0.68547009 | E4: =IFERROR((E2/E3)-1,"N/D") -> -0.42564103 | F4: =IFERROR((F2/F3)-1,"N/D") -> -0.12564103 | G4: Bet | H4: =-H2 -> -1.3814617
C5: Amostra | D5: =SUMIF(A53:A73,A53,P53:P73) -> 6 | E5: =SUMIF(A82:A102,A82,Q82:Q102) -> 6 | F5: Amostra total | G5: =D5+E5 -> 12
C6: GOLS FT | D6: CASA | E6: VISITANTE | F6: TT JOGO | G6: Tendências | H6: do Mercado
C7: Gols AVG FT | D7: =(A35+B37)/2 -> 1.5726496 | E7: =(B35+A37)/2 -> 1.0512821 | F7: =D7+E7 -> 2.6239316 | G7: Odd Méd Casa | H7: =GETPIVOTDATA("Média de ODDC",$A$52) -> 2.2068376
C8: Conf DP | D8: =((C29+D31)/2)-((C35+D37)/2) -> 0.059331329 | E8: =((D29+C31)/2)-((D35+C37)/2) -> 0.10748306 | F8: =(D8+E8)/2 -> 0.083407193 | G8: Odd Méd Vis | H8: =GETPIVOTDATA("Média de ODDV",$A$81) -> 4.2301709
C9: Conf CV | D9: =((E29+F31)/2)-((E35+F37)/2) -> 0.011417668 | E9: =((F29+E31)/2)-((F35+E37)/2) -> -0.013193754 | F9: =(D9+E9)/2 -> -0.00088804299 | G9: Odd Méd Emp | H9: =(GETPIVOTDATA("Média de ODDE",$A$52)+GETPIVOTDATA("Média de ODDE",$A$81))/2 -> 3.4776068
C10: Conf AVG | D10: =(D8+D9)/2 -> 0.035374498 | E10: =(E8+E9)/2 -> 0.047144652 | F10: =(F8+F9)/2 -> 0.041259575 | I10: ROI
C11: Over 0,5 FT % | D11: =GETPIVOTDATA("Média de 0,5FT",$A$52) -> 0.94871795 | E11: =GETPIVOTDATA("Média de 0,5FT",$A$81) -> 0.94871795 | F11: =((D11*D5)+(E11*E5))/(G5*2)*2 -> 0.94871795 | G11: Back Casa | H11: =G31 -> -1.84 | I11: =H11/GETPIVOTDATA("Contagem de FAVC",$A$52) -> -0.0044552058
C12: Over 1,5 FT % | D12: =GETPIVOTDATA("Média de 1,5FT",$A$52) -> 0.77777778 | E12: =GETPIVOTDATA("Média de 1,5FT",$A$81) -> 0.77777778 | F12: =((D12*D5)+(E12*E5))/(G5*2)*2 -> 0.77777778 | G12: Back Visitante | H12: =GETPIVOTDATA("Soma de PLBACKV",$A$81) -> -19.85 | I12: =H12/GETPIVOTDATA("Contagem de FAVV",$A$81) -> -0.048062954
C13: Over 2,5 FT % | D13: =GETPIVOTDATA("Média de 2,5FT",$A$52) -> 0.47863248 | E13: =GETPIVOTDATA("Média de 2,5FT",$A$81) -> 0.47863248 | F13: =((D13*D5)+(E13*E5))/(G5*2)*2 -> 0.47863248 | G13: Back Empate | H13: =(G33+G35)/2 -> -12.7 | I13: =H13/((GETPIVOTDATA("Contagem de FAVC",$A$52)+GETPIVOTDATA("Contagem de FAVV",$A$81))/2) -> -0.030750605
C14: Over 3,5 FT % | D14: =GETPIVOTDATA("Média de 3,5FT",$A$52) -> 0.21367521 | E14: =GETPIVOTDATA("Média de 3,5FT",$A$81) -> 0.21367521 | F14: =((D14*D5)+(E14*E5))/(G5*2)*2 -> 0.21367521 | G14: Odd justa Over/Ambas
C15: Ambas Marcam | D15: =GETPIVOTDATA("Média de AMBFT",$A$52) -> 0.56410256 | E15: =GETPIVOTDATA("Média de AMBFT",$A$81) -> 0.56410256 | F15: =((D15*D5)+(E15*E5))/(G5*2)*2 -> 0.56410256 | G15: Ambas Marcam | H15: =1/((D15+E15)/2) -> 1.7727273 | I15: VOL TOTAL
C16: Goleada Casa | D16: =GETPIVOTDATA("Média de GOLEAC",$A$52) -> 0.068376068 | E16: =GETPIVOTDATA("Média de GOLEAC",$A$81) -> 0.068376068 | F16: =((D16*D5)+(E16*E5))/(G5*2)*2 -> 0.068376068 | G16: Over 1,5 FT | H16: =1/((D12+E12)/2) -> 1.2857143 | I16: =COUNT(BDBRA1!D2:D1094) -> 117
C17: Goleada Visit | D17: =GETPIVOTDATA("Média de GOLEAV",$A$52) -> 0.017094017 | E17: =GETPIVOTDATA("Média de GOLEAV",$A$81) -> 0.017094017 | F17: =((D17*D5)+(E17*E5))/(G5*2)*2 -> 0.017094017 | G17: Over 2,5 FT | H17: =1/((D13+E13)/2) -> 2.0892857
F18: MÉDIA LIGA
C19: Média Pts | D19: =GETPIVOTDATA("Média de PTC",$A$52) -> 1.7521368 | E19: =GETPIVOTDATA("Média de PTV",$A$81) -> 0.98290598 | F19: =(BDBRA1!AR22+BDBRA1!AS22)/2 -> 1.3746429
C20: Peso Pts | D20: =GETPIVOTDATA("Média de PESOPTC",$A$52) -> 3.5661538 | E20: =GETPIVOTDATA("Média de PESOPTV",$A$81) -> 3.4850427 | F20: =(BDBRA1!DJ22+BDBRA1!DK22)/2 -> 3.763358
C21: Peso Gol | D21: =GETPIVOTDATA("Média de GC/ODDV",$A$52) -> 0.41567658 | E21: =GETPIVOTDATA("Média de GV/ODDC",$A$81) -> 0.4771479 | F21: =(BDBRA1!CV22+BDBRA1!CW22)/2 -> 0.44901813
C22: Custo Gol | D22: =GETPIVOTDATA("Média de CustGC",$A$52) -> 0.44215449 | E22: =GETPIVOTDATA("Média de CustGV",$A$81) -> 0.47176409 | F22: =(Tabela2[[#This Row],[CUSTGC]]+Tabela2[[#This Row],[CUSTGV]])/2 -> 0.45374418
A28: MED VIT CASA | B28: MED VIT VIS | C28: DP GOLS CASA | D28: DP GOLS VIS | E28: CV GOLS CASA | F28: CV GOLS VIS
A29: =GETPIVOTDATA("Média de VITC",$A$52) -> 0.4957265 | B29: =GETPIVOTDATA("Média de VITV",$A$81) -> 0.23931624 | C29: =GETPIVOTDATA("DesvPad de FTHG2",$A$52) -> 1.1470821 | D29: =GETPIVOTDATA("DesvPad de FTAG2",$A$81) -> 0.95453684 | E29: =C29/A35 -> 0.72939456 | F29: =IFERROR(D29/B35,0) -> 0.90797407
A30: MED EMP CASA | B30: MED EMP VIS | C30: DP GS CASA | D30: DP GS VIS | E30: CV GS CASA | F30: CV GS VIS | G30: PL BACK CASA
A31: =GETPIVOTDATA("Média de EMP",$A$52) -> 0.26495726 | B31: =GETPIVOTDATA("Média de EMP",$A$81) -> 0.26495726 | C31: =GETPIVOTDATA("DesvPad de FTAG2",$A$52) -> 0.95453684 | D31: =GETPIVOTDATA("DesvPad de FTHG2",$A$81) -> 1.1470821 | E31: =C31/A37 -> 0.90797407 | F31: =D31/B37 -> 0.72939456 | G31: =GETPIVOTDATA("Soma de PLBACKC",$A$52) -> -1.84
A32: MED DERR CASA | B32: MED DERR VIS | C32: DP AVG G CASA | D32: DP AVG G VIS | E32: CV AVG G CASA | F32: CV AVG G VIS | G32: PL EMP CASA
A33: =GETPIVOTDATA("Média de VITV",$A$52) -> 0.23931624 | B33: =GETPIVOTDATA("Média de VITC",$A$81) -> 0.4957265 | C33: =(C29+D31)/2 -> 1.1470821 | D33: =(D29+C31)/2 -> 0.95453684 | E33: =(E29+F31)/2 -> 0.72939456 | F33: =(F29+E31)/2 -> 0.90797407 | G33: =GETPIVOTDATA("Soma de PLEMP",$A$52) -> -12.7
A34: MED GOLS CASA | B34: MEDIA GOLS VIS | C34: DPMGLIG CASA | D34: DPGMGLIG VIS | E34: CVMGLIG CASA | F34: CVMGLIG VIS | G34: PL EMPVIS
A35: =GETPIVOTDATA("Média de FTHG",$A$52) -> 1.5726496 | B35: =GETPIVOTDATA("Média de FTAG",$A$81) -> 1.0512821 | C35: =BDBRA1!BF22 -> 1.1358432 | D35: =BDBRA1!BG22 -> 0.8257766 | E35: =BDBRA1!BH22 -> 0.75832866 | F35: =BDBRA1!BI22 -> 0.90638264 | G35: =GETPIVOTDATA("Soma de PLEMP",$A$81) -> -12.7
A36: MED GS CASA | B36: MED GS VIS | C36: DPMGSLIG CASA | D36: DPMGSLIG VIS | E36: CVMGSLIG CASA | F36: CVMGSLIG VIS | G36: PL BACK VIS
A37: =GETPIVOTDATA("Média de FTAG",$A$52) -> 1.0512821 | B37: =GETPIVOTDATA("Média de FTHG",$A$81) -> 1.5726496 | C37: =BDBRA1!BM22 -> 0.86833097 | D37: =BDBRA1!BN22 -> 1.0396583 | E37: =BDBRA1!BO22 -> 0.93595301 | F37: =BDBRA1!BP22 -> 0.67762514 | G37: =GETPIVOTDATA("Soma de PLBACKV",$A$81) -> -19.85
A52: Rótulos de Linha | B52: Média de ODDC | C52: Média de ODDE | D52: Média de ODDV | E52: Soma de SLDC | F52: Soma de SLDV | G52: Soma de PLBACKC | H52: Soma de PLBACKV | I52: Média de GOLEAC | J52: Média de GOLEAV | K52: Média de AMBFT | L52: Contagem de CONTAG | M52: Média de VITC | N52: Média de EMP | O52: Média de VITV | P52: Contagem de FAVC | Q52: Contagem de FAVV | R52: Média de FTHG | S52: Média de FTAG | T52: DesvPad de FTHG2 | U52: DesvPad de FTAG2 | V52: Soma de PLEMP | W52: Média de 0,5FT | X52: Média de 1,5FT | Y52: Média de 2,5FT | Z52: Média de 3,5FT | AA52: Média de GC/ODDV | AB52: Média de PTC | AC52: Média de PESOPTC | AD52: Média de CustGC
A53: Athletico-PR | B53: 1.9733333 | C53: 3.325 | D53: 4.1416667 | E53: 8 | F53: -8 | G53: 3.27 | H53: -3.15 | I53: 0.16666667 | J53: 0 | K53: 0.5 | L53: 6 | M53: 0.83333333 | N53: 0 | O53: 0.16666667 | P53: 6 | Q53: 6 | R53: 2 | S53: 0.66666667 | T53: 1.2649111 | U53: 0.51639778 | V53: -6 | W53: 1 | X53: 0.83333333 | Y53: 0.5 | Z53: 0.16666667 | AA53: 0.47501255 | AB53: 2.5 | AC53: 4.635 | AD53: 0.37426328
A54: Atletico-MG | B54: 2.164 | C54: 3.44 | D54: 4.08 | E54: 3 | F54: -3 | G54: 1.41 | H54: -5 | I54: 0 | J54: 0 | K54: 0.6 | L54: 5 | M54: 0.6 | N54: 0.4 | O54: 0 | P54: 5 | Q54: 5 | R54: 1.8 | S54: 1.2 | T54: 0.83666003 | U54: 1.3038405 | V54: 2.6 | W54: 1 | X54: 0.6 | Y54: 0.6 | Z54: 0.4 | AA54: 0.4740897 | AB54: 2.2 | AC54: 4.728 | AD54: 0.31469271
A55: Bahia | B55: 1.908 | C55: 3.46 | D55: 4.34 | E55: 4 | F55: -4 | G55: -1.63 | H55: -2.15 | I55: 0 | J55: 0 | K55: 0.6 | L55: 5 | M55: 0.4 | N55: 0.4 | O55: 0.2 | P55: 5 | Q55: 5 | R55: 1.6 | S55: 0.8 | T55: 0.89442719 | U55: 0.83666003 | V55: 1.9 | W55: 1 | X55: 1 | Y55: 0.4 | Z55: 0 | AA55: 0.3663325 | AB55: 1.6 | AC55: 2.756 | AD55: 0.39921173
A56: Botafogo RJ | B56: 2.645 | C56: 3.25 | D56: 3.1275 | E56: 2 | F56: -2 | G56: 0.62 | H56: -2.09 | I56: 0.25 | J56: 0 | K56: 0.5 | L56: 4 | M56: 0.5 | N56: 0.25 | O56: 0.25 | P56: 4 | Q56: 4 | R56: 2.25 | S56: 1.75 | T56: 1.7078251 | U56: 1.2583057 | V56: -0.6 | W56: 1 | X56: 1 | Y56: 1 | Z56: 0.75 | AA56: 0.66316527 | AB56: 1.75 | AC56: 3.93 | AD56: 0.38029775
A57: Bragantino | B57: 2.2533333 | C57: 3.35 | D57: 3.975 | E57: 4 | F57: -4 | G57: 1.3 | H57: 1.4 | I57: 0.16666667 | J57: 0 | K57: 0.66666667 | L57: 6 | M57: 0.5 | N57: 0.16666667 | O57: 0.33333333 | P57: 6 | Q57: 6 | R57: 1.8333333 | S57: 1.1666667 | T57: 1.3291601 | U57: 0.98319208 | V57: -2.7 | W57: 1 | X57: 0.83333333 | Y57: 0.66666667 | Z57: 0.16666667 | AA57: 0.52263412 | AB57: 1.6666667 | AC57: 3.985 | AD57: 0.36894929
A58: Chapecoense-SC | B58: 3.0785714 | C58: 3.2571429 | D58: 2.3728571 | E58: -5 | F58: 5 | G58: -4 | H58: -2.84 | I58: 0.14285714 | J58: 0.28571429 | K58: 0.71428571 | L58: 7 | M58: 0.14285714 | N58: 0.57142857 | O58: 0.28571429 | P58: 7 | Q58: 7 | R58: 1.4285714 | S58: 2.1428571 | T58: 1.5118579 | U58: 1.5735916 | V58: 5.9 | W58: 0.85714286 | X58: 0.85714286 | Y58: 0.57142857 | Z58: 0.57142857 | AA58: 0.57724265 | AB58: 1 | AC58: 2.9214286 | AD58: 0.46113394
A59: Corinthians | B59: 2.305 | C59: 3.2583333 | D59: 3.625 | E59: -2 | F59: 2 | G59: -4.14 | H59: 5.9 | I59: 0 | J59: 0 | K59: 0.33333333 | L59: 6 | M59: 0.16666667 | N59: 0.33333333 | O59: 0.5 | P59: 6 | Q59: 6 | R59: 0.66666667 | S59: 1 | T59: 0.81649658 | U59: 0.89442719 | V59: 0.1 | W59: 0.83333333 | X59: 0.66666667 | Y59: 0.16666667 | Z59: 0 | AA59: 0.19633285 | AB59: 0.83333333 | AC59: 1.9383333 | AD59: 0.66958005
A60: Coritiba | B60: 2.485 | C60: 3.1033333 | D60: 3.245 | E60: 1 | F60: -1 | G60: -2.14 | H60: -0.18 | I60: 0 | J60: 0 | K60: 0.33333333 | L60: 6 | M60: 0.33333333 | N60: 0.33333333 | O60: 0.33333333 | P60: 6 | Q60: 6 | R60: 0.83333333 | S60: 0.66666667 | T60: 0.75277265 | U60: 0.51639778 | V60: 0 | W60: 1 | X60: 0.5 | Y60: 0 | Z60: 0 | AA60: 0.25864528 | AB60: 1.3333333 | AC60: 2.905 | AD60: 0.58598323
A61: Cruzeiro | B61: 1.6642857 | C61: 3.7328571 | D61: 5.6571429 | E61: 5 | F61: -5 | G61: -1.93 | H61: 2.5 | I61: 0 | J61: 0 | K61: 0.57142857 | L61: 7 | M61: 0.42857143 | N61: 0.42857143 | O61: 0.14285714 | P61: 7 | Q61: 7 | R61: 1.7142857 | S61: 1 | T61: 1.1126973 | U61: 1.1547005 | V61: 3.5 | W61: 0.85714286 | X61: 0.85714286 | Y61: 0.57142857 | Z61: 0.14285714 | AA61: 0.34216285 | AB61: 1.7142857 | AC61: 2.92 | AD61: 0.47216116
A62: Flamengo RJ | B62: 1.342 | C62: 5.09 | D62: 9.7 | E62: 9 | F62: -9 | G62: 0.3 | H62: -5 | I62: 0 | J62: 0 | K62: 0.4 | L62: 5 | M62: 0.8 | N62: 0.2 | O62: 0 | P62: 5 | Q62: 5 | R62: 2.2 | S62: 0.4 | T62: 0.83666003 | U62: 0.54772256 | V62: -0.5 | W62: 1 | X62: 1 | Y62: 0.4 | Z62: 0.2 | AA62: 0.23958316 | AB62: 2.6 | AC62: 3.462 | AD62: 0.39151113
A63: Fluminense | B63: 1.95 | C63: 3.4666667 | D63: 4.8916667 | E63: 5 | F63: -5 | G63: 2.5 | H63: -3.65 | I63: 0 | J63: 0 | K63: 0.66666667 | L63: 6 | M63: 0.83333333 | N63: 0 | O63: 0.16666667 | P63: 6 | Q63: 6 | R63: 1.8333333 | S63: 1 | T63: 0.98319208 | U63: 0.89442719 | V63: -6 | W63: 1 | X63: 0.66666667 | Y63: 0.66666667 | Z63: 0.33333333 | AA63: 0.39508467 | AB63: 2.5 | AC63: 4.25 | AD63: 0.3664965
A64: Gremio | B64: 1.998 | C64: 3.36 | D64: 3.9 | E64: 5 | F64: -5 | G64: 1.16 | H64: -5 | I64: 0.2 | J64: 0 | K64: 0.6 | L64: 5 | M64: 0.6 | N64: 0.4 | O64: 0 | P64: 5 | Q64: 5 | R64: 2 | S64: 1 | T64: 1.8708287 | U64: 1.2247449 | V64: 2.1 | W64: 0.8 | X64: 0.8 | Y64: 0.4 | Z64: 0.2 | AA64: 0.55847523 | AB64: 2.2 | AC64: 4.462 | AD64: 0.41485179
... A72: Vitoria | B72: 3 | C72: 3.2166667 | D72: 2.9866667 | E72: 6 | F72: -6 | G72: 3.68 | H72: -4.43 | I72: 0 | J72: 0 | K72: 0.16666667 | L72: 6 | M72: 0.66666667 | N72: 0.16666667 | O72: 0.16666667 | P72: 6 | Q72: 6 | R72: 1.3333333 | S72: 0.33333333 | T72: 0.81649658 | U72: 0.81649658 | V72: -3 | W72: 0.83333333 | X72: 0.66666667 | Y72: 0.16666667 | Z72: 0 | AA72: 0.47070952 | AB72: 2.1666667 | AC72: 5.2683333 | AD72: 0.37075527
A73: (vazio) | E73: 0 | F73: 0 | G73: 0 | H73: 0 | I73: #DIV/0! | J73: #DIV/0! | K73: #DIV/0! | L73: 296 | M73: #DIV/0! | N73: #DIV/0! | O73: #DIV/0! | P73: 296 | Q73: 296 | V73: 0 | W73: #DIV/0! | X73: #DIV/0! | Y73: #DIV/0! | Z73: #DIV/0! | AA73: #DIV/0! | AB73: #DIV/0! | AC73: #DIV/0! | AD73: #DIV/0!
A74: Total Geral | B74: 2.2068376 | C74: 3.4776068 | D74: 4.2301709 | E74: 61 | F74: -61 | G74: -1.84 | H74: -19.85 | I74: 0.068376068 | J74: 0.017094017 | K74: 0.56410256 | L74: 413 | M74: 0.4957265 | N74: 0.26495726 | O74: 0.23931624 | P74: 413 | Q74: 413 | R74: 1.5726496 | S74: 1.0512821 | T74: 1.1470821 | U74: 0.95453684 | V74: -12.7 | W74: 0.94871795 | X74: 0.77777778 | Y74: 0.47863248 | Z74: 0.21367521 | AA74: 0.41567658 | AB74: 1.7521368 | AC74: 3.5661538 | AD74: 0.44215449
A81: Rótulos de Linha | B81: Média de ODDC | C81: Média de ODDE | D81: Média de ODDV | E81: Soma de SLDC | F81: Soma de SLDV | G81: Soma de PLBACKC | H81: Soma de PLBACKV | I81: Média de GOLEAC | J81: Média de GOLEAV | K81: Média de AMBFT | L81: Contagem de CONTAG | M81: Média de VITC | N81: Média de EMP | O81: Média de VITV | P81: Contagem de FAVC | Q81: Contagem de FAVV | R81: Média de FTHG | S81: Média de FTAG | T81: DesvPad de FTHG2 | U81: DesvPad de FTAG2 | V81: Soma de PLEMP | W81: Média de 0,5FT | X81: Média de 1,5FT | Y81: Média de 2,5FT | Z81: Média de 3,5FT | AA81: Média de GC/ODDV | AB81: Média de PTV | AC81: Média de GV/ODDC | AD81: Média de PESOPTV | AE81: Média de CustGV
A82: Athletico-PR | B82: 1.855 | C82: 3.3916667 | D82: 4.5166667 | E82: 5 | F82: -5 | G82: 1.16 | H82: -2.1 | I82: 0 | J82: 0 | K82: 0.5 | L82: 6 | M82: 0.66666667 | N82: 0.16666667 | O82: 0.16666667 | P82: 6 | Q82: 6 | R82: 1.6666667 | S82: 0.83333333 | T82: 1.2110601 | U82: 0.75277265 | V82: -2.7 | W82: 1 | X82: 0.66666667 | Y82: 0.5 | Z82: 0.16666667 | AA82: 0.37991249 | AB82: 0.66666667 | AC82: 0.43353757 | AD82: 2.6 | AE82: 0.48685233
A83: Atletico-MG | B83: 2.2485714 | C83: 3.2571429 | D83: 3.6785714 | E83: 4 | F83: -4 | G83: 5.34 | H83: -4.8 | I83: 0 | J83: 0.14285714 | K83: 0.14285714 | L83: 7 | M83: 0.85714286 | N83: 0 | O83: 0.14285714 | P83: 7 | Q83: 7 | R83: 1.2857143 | S83: 0.71428571 | T83: 0.75592895 | U83: 1.4960265 | V83: -7 | W83: 1 | X83: 0.57142857 | Y83: 0.28571429 | Z83: 0.14285714 | AA83: 0.35631945 | AB83: 0.42857143 | AC83: 0.23609444 | AD83: 0.94285714 | AE83: 0.77253629
A84: Bahia | B84: 2.1216667 | C84: 3.5916667 | D84: 3.8133333 | E84: 1 | F84: -1 | G84: -1.58 | H84: 8.03 | I84: 0.16666667 | J84: 0 | K84: 0.5 | L84: 6 | M84: 0.33333333 | N84: 0 | O84: 0.66666667 | P84: 6 | Q84: 6 | R84: 1.3333333 | S84: 1.1666667 | T84: 1.5055453 | U84: 0.75277265 | V84: -6 | W84: 1 | X84: 0.66666667 | Y84: 0.5 | Z84: 0.16666667 | AA84: 0.43607294 | AB84: 2 | AC84: 0.53256401 | AD84: 7.015 | AE84: 0.38039471
A85: Botafogo RJ | B85: 2.1357143 | C85: 3.4285714 | D85: 4.1728571 | E85: 2 | F85: -2 | G85: 0.48 | H85: 3.16 | I85: 0.28571429 | J85: 0.14285714 | K85: 0.85714286 | L85: 7 | M85: 0.57142857 | N85: 0 | O85: 0.42857143 | P85: 7 | Q85: 7 | R85: 2.1428571 | S85: 1.8571429 | T85: 1.6761634 | U85: 1.3451854 | V85: -7 | W85: 1 | X85: 0.85714286 | Y85: 0.85714286 | Z85: 0.42857143 | AA85: 0.57090668 | AB85: 1.2857143 | AC85: 0.81337572 | AD85: 4.3542857 | AE85: 0.26943544
A86: Bragantino | B86: 2.0716667 | C86: 3.3033333 | D86: 3.92 | E86: 3 | F86: -3 | G86: -0.52 | H86: 0.42 | I86: 0 | J86: 0 | K86: 0.33333333 | L86: 6 | M86: 0.5 | N86: 0.16666667 | O86: 0.33333333 | P86: 6 | Q86: 6 | R86: 1.1666667 | S86: 0.66666667 | T86: 0.98319208 | U86: 0.51639778 | V86: -2.6 | W86: 1 | X86: 0.66666667 | Y86: 0.16666667 | Z86: 0 | AA86: 0.27122092 | AB86: 1.1666667 | AC86: 0.30364687 | AD86: 3.7433333 | AE86: 0.53354966
A87: Chapecoense-SC | B87: 1.42 | C87: 4.375 | D87: 6.6875 | E87: 6 | F87: -6 | G87: 0.15 | H87: -4 | I87: 0 | J87: 0 | K87: 0.25 | L87: 4 | M87: 0.75 | N87: 0.25 | O87: 0 | P87: 4 | Q87: 4 | R87: 1.75 | S87: 0.25 | T87: 0.5 | U87: 0.5 | V87: -0.1 | W87: 1 | X87: 1 | Y87: 0 | Z87: 0 | AA87: 0.26195652 | AB87: 0.25 | AC87: 0.16339869 | AD87: 1.5 | AE87: 0.79166667
A88: Corinthians | B88: 2.43 | C88: 3.15 | D88: 3.5583333 | E88: 1 | F88: -1 | G88: -4.19 | H88: -3.15 | I88: 0 | J88: 0 | K88: 0.5 | L88: 6 | M88: 0.16666667 | N88: 0.66666667 | O88: 0.16666667 | P88: 6 | Q88: 6 | R88: 0.83333333 | S88: 0.66666667 | T88: 1.1690452 | U88: 0.51639778 | V88: 6.6 | W88: 0.66666667 | X88: 0.5 | Y88: 0.16666667 | Z88: 0.16666667 | AA88: 0.19112174 | AB88: 1.1666667 | AC88: 0.32218432 | AD88: 3.7166667 | AE88: 0.51275917
A89: Coritiba | B89: 1.835 | C89: 3.5633333 | D89: 5.3916667 | E89: -2 | F89: 2 | G89: -4.09 | H89: 14.75 | I89: 0 | J89: 0 | K89: 0.5 | L89: 6 | M89: 0.16666667 | N89: 0.33333333 | O89: 0.5 | P89: 6 | Q89: 6 | R89: 1.3333333 | S89: 1.6666667 | T89: 1.2110601 | U89: 1.0327956 | V89: 0.6 | W89: 1 | X89: 0.83333333 | Y89: 0.5 | Z89: 0.33333333 | AA89: 0.35576362 | AB89: 1.8333333 | AC89: 0.92322866 | AD89: 11.516667 | AE89: 0.25957756
A90: Cruzeiro | B90: 2.08 | C90: 3.32 | D90: 4.04 | E90: 10 | F90: -10 | G90: 3 | H90: -5 | I90: 0.4 | J90: 0 | K90: 0.6 | L90: 5 | M90: 0.8 | N90: 0.2 | O90: 0 | P90: 5 | Q90: 5 | R90: 2.8 | S90: 0.8 | T90: 1.0954451 | U90: 0.83666003 | V90: -2 | W90: 1 | X90: 1 | Y90: 0.8 | Z90: 0.6 | AA90: 0.76151512 | AB90: 0.2 | AC90: 0.35492802 | AD90: 0.64 | AE90: 0.54394841
A91: Flamengo RJ | B91: 3.9916667 | C91: 3.25 | D91: 2.055 | E91: -1 | F91: 1 | G91: 1.5 | H91: -0.17 | I91: 0 | J91: 0 | K91: 0.66666667 | L91: 6 | M91: 0.33333333 | N91: 0.16666667 | O91: 0.5 | P91: 6 | Q91: 6 | R91: 1.3333333 | S91: 1.5 | T91: 1.0327956 | U91: 1.0488088 | V91: -2.9 | W91: 1 | X91: 1 | Y91: 0.83333333 | Z91: 0 | AA91: 0.64657076 | AB91: 1.6666667 | AC91: 0.37815355 | AD91: 3.29 | AE91: 0.43412454
A92: Fluminense | B92: 2.7633333 | C92: 3.3333333 | D92: 3.0933333 | E92: -1 | F92: 1 | G92: -0.68 | H92: -0.64 | I92: 0 | J92: 0 | K92: 0.83333333 | L92: 6 | M92: 0.33333333 | N92: 0.33333333 | O92: 0.33333333 | P92: 6 | Q92: 6 | R92: 1.5 | S92: 1.6666667 | T92: 1.0488088 | U92: 0.81649658 | V92: 0.3 | W92: 1 | X92: 1 | Y92: 0.5 | Z92: 0.33333333 | AA92: 0.51296296 | AB92: 1.3333333 | AC92: 0.6455444 | AD92: 3.6966667 | AE92: 0.24665472
A93: Gremio | B93: 1.8485714 | C93: 3.7042857 | D93: 4.69 | E93: 7 | F93: -7 | G93: 1.38 | H93: -7 | I93: 0 | J93: 0 | K93: 0.57142857 | L93: 7 | M93: 0.71428571 | N93: 0.28571429 | O93: 0 | P93: 7 | Q93: 7 | R93: 1.5714286 | S93: 0.57142857 | T93: 0.78679579 | U93: 0.53452248 | V93: 0 | W93: 0.85714286 | X93: 0.85714286 | Y93: 0.42857143 | Z93: 0 | AA93: 0.3457837 | AB93: 0.28571429 | AC93: 0.31702997 | AD93: 1.0071429 | AE93: 0.57129469
... A101: Vitoria | B101: 1.742 | C101: 3.81 | D101: 5.75 | E101: 9 | F101: -9 | G101: -0.45 | H101: -5 | I101: 0.2 | J101: 0 | K101: 0.6 | L101: 5 | M101: 0.6 | N101: 0.4 | O101: 0 | P101: 5 | Q101: 5 | R101: 2.4 | S101: 0.6 | T101: 1.6733201 | U101: 0.54772256 | V101: 1.8 | W101: 1 | X101: 1 | Y101: 0.4 | Z101: 0.2 | AA101: 0.39503304 | AB101: 0.4 | AC101: 0.35432808 | AD101: 1.6 | AE101: 0.53082251
A102: (vazio) | E102: 0 | F102: 0 | G102: 0 | H102: 0 | I102: #DIV/0! | J102: #DIV/0! | K102: #DIV/0! | L102: 296 | M102: #DIV/0! | N102: #DIV/0! | O102: #DIV/0! | P102: 296 | Q102: 296 | V102: 0 | W102: #DIV/0! | X102: #DIV/0! | Y102: #DIV/0! | Z102: #DIV/0! | AA102: #DIV/0! | AB102: #DIV/0! | AC102: #DIV/0! | AD102: #DIV/0! | AE102: #DIV/0!
A103: Total Geral | B103: 2.2068376 | C103: 3.4776068 | D103: 4.2301709 | E103: 61 | F103: -61 | G103: -1.84 | H103: -19.85 | I103: 0.068376068 | J103: 0.017094017 | K103: 0.56410256 | L103: 413 | M103: 0.4957265 | N103: 0.26495726 | O103: 0.23931624 | P103: 413 | Q103: 413 | R103: 1.5726496 | S103: 1.0512821 | T103: 1.1470821 | U103: 0.95453684 | V103: -12.7 | W103: 0.94871795 | X103: 0.77777778 | Y103: 0.47863248 | Z103: 0.21367521 | AA103: 0.41567658 | AB103: 0.98290598 | AC103: 0.4771479 | AD103: 3.4850427 | AE103: 0.47176409

Sheet FT
A1: Rótulos de Linha | B1: Soma de FTHG | C1: Soma de FTAG
A2: 3 | B2: 0 | C2: 1
A3: Internacional | B3: 0 | C3: 1
A4: Athletico-PR | B4: 0 | C4: 1
A5: 3.9 | B5: 0 | C5: 1
A6: 1.96 | B6: 0 | C6: 1
A7: 46050 | B7: 0 | C7: 1
A8: 4 | B8: 2 | C8: 0
A9: Vitoria | B9: 2 | C9: 0
A10: Remo | B10: 2 | C10: 0
A11: 4.75 | B11: 2 | C11: 0
A12: 1.79 | B12: 2 | C12: 0
A13: 46050 | B13: 2 | C13: 0
A14: 5 | B14: 2 | C14: 1
A15: Fluminense | B15: 2 | C15: 1
A16: Gremio | B16: 2 | C16: 1
A17: 6 | B17: 2 | C17: 1
A18: 1.53 | B18: 2 | C18: 1
A19: 46050 | B19: 2 | C19: 1
A20: 9 | B20: 2 | C20: 1
A21: Mirassol | B21: 2 | C21: 1
A22: Vasco | B22: 2 | C22: 1
A23: 4.5 | B23: 2 | C23: 1
A24: 1.79 | B24: 2 | C24: 1
A25: 46051 | B25: 2 | C25: 1
A26: 12 | B26: 1 | C26: 1
A27: Flamengo RJ | B27: 1 | C27: 1
A28: Internacional | B28: 1 | C28: 1
A29: 7.5 | B29: 1 | C29: 1
A30: 1.41 | B30: 1 | C30: 1
A31: 46057 | B31: 1 | C31: 1
A32: 16 | B32: 5 | C32: 1
A33: Palmeiras | B33: 5 | C33: 1
A34: Vitoria | B34: 5 | C34: 1
A35: 10 | B35: 5 | C35: 1
A36: 1.3 | B36: 5 | C36: 1
A37: 46058 | B37: 5 | C37: 1
A38: 18 | B38: 1 | C38: 1
A39: Vasco | B39: 1 | C39: 1
A40: Chapecoense-SC | B40: 1 | C40: 1
A41: 6 | B41: 1 | C41: 1
A42: 1.53 | B42: 1 | C42: 1
A43: 46058 | B43: 1 | C43: 1
A44: 19 | B44: 1 | C44: 2
A45: Cruzeiro | B45: 1 | C45: 2
A46: Coritiba | B46: 1 | C46: 2
A47: 9.5 | B47: 1 | C47: 2
A48: 1.35 | B48: 1 | C48: 2
A49: 46059 | B49: 1 | C49: 2
A50: 23 | B50: 3 | C50: 3
A51: Atletico-MG | B51: 3 | C51: 3
A52: Remo | B52: 3 | C52: 3
A53: 7.5 | B53: 3 | C53: 3
A54: 1.41 | B54: 3 | C54: 3
A55: 46064 | B55: 3 | C55: 3
A56: 24 | B56: 2 | C56: 0
A57: Sao Paulo | B57: 2 | C57: 0
A58: Gremio | B58: 2 | C58: 0
A59: 4.2 | B59: 2 | C59: 0
A60: 1.91 | B60: 2 | C60: 0
A61: 46065 | B61: 2 | C61: 0
A62: 26 | B62: 2 | C62: 1
A63: Athletico-PR | B63: 2 | C63: 1
A64: Santos | B64: 2 | C64: 1
A65: 4 | B65: 2 | C65: 1
A66: 1.96 | B66: 2 | C66: 1
A67: 46065 | B67: 2 | C67: 1
A68: 27 | B68: 1 | C68: 0
A69: Fluminense | B69: 1 | C69: 0
A70: Botafogo RJ | B70: 1 | C70: 0
A71: 5.5 | B71: 1 | C71: 0
A72: 1.76 | B72: 1 | C72: 0
A73: 46065 | B73: 1 | C73: 0
A74: 28 | B74: 2 | C74: 0
A75: Corinthians | B75: 2 | C75: 0
A76: Bragantino | B76: 2 | C76: 0
A77: 4.75 | B77: 2 | C77: 0
A78: 1.86 | B78: 2 | C78: 0
A79: 46065 | B79: 2 | C79: 0
A80: 34 | B80: 1 | C80: 1
A81: Cruzeiro | B81: 1 | C81: 1
A82: Corinthians | B82: 1 | C82: 1
A83: 5.5 | B83: 1 | C83: 1
A84: 1.66 | B84: 1 | C84: 1
A85: 46078 | B85: 1 | C85: 1
A86: 36 | B86: 2 | C86: 1
A87: Palmeiras | B87: 2 | C87: 1
A88: Fluminense | B88: 2 | C88: 1
A89: 5 | B89: 2 | C89: 1
A90: 1.62 | B90: 2 | C90: 1
A91: 46079 | B91: 2 | C91: 1
A92: 38 | B92: 2 | C92: 2
A93: Mirassol | B93: 2 | C93: 2
A94: Santos | B94: 2 | C94: 2
A95: 4.75 | B95: 2 | C95: 2
A96: 1.66 | B96: 2 | C96: 2
A97: 46092 | B97: 2 | C97: 2
A98: 40 | B98: 1 | C98: 1
A99: Bahia | B99: 1 | C99: 1
A100: Vitoria | B100: 1 | C100: 1
...

Sheet CS
E1: CASA | F1: VISIT | N1: oddj | O1: oddmerc | P1: EV
B2: Gols Casa | C2: =DASH!D7 -> 1.5726496 | E2: =T27 -> (vazio) | F2: =T58 -> (vazio) | G2: CASA | H2: =SUM(B16:B25,C17:C25,D18:D25,E19:E25,F20:F25,G21:G25,H22:H25,I23:I25,J24:J25,K25) -> 0.49423214 | I2: =1/H2 -> 2.0233407 | J2: OVER 0,5 | K2: =SUM(C15:L25,B16:B25) -> 0.92748192 | L2: =1/K2 -> 1.0781881 | M2: 0x0 | N2: =1/B15 -> 13.789834 | O2: 14.5 | P2: =((1/N2)*(O2-1))-(1-(1/N2)) -> 0.051499274
B3: Gol Vis | C3: =DASH!E7 -> 1.0512821 | D3: 0 | E3: =_xlfn.POISSON.DIST(0,C2,FALSE) -> 0.20749468 | F3: =_xlfn.POISSON.DIST(0,C3,FALSE) -> 0.3494894 | G3: EMPATE | H3: =SUM(B15,C16,D17,E18,F19,G20,H21,I22,J23,K24,L25) -> 0.25207323 | I3: =1/H3 -> 3.9671011 | J3: OVER 1,5 | K3: =SUM(D15:L25,C16:C25,B17:B25) -> 0.73720177 | L3: =1/K3 -> 1.3564807 | M3: 0X1 | N3: =1/C15 -> 13.117159 | O3: 17.8 | P3: =((1/N3)*(O3-1))-(1-(1/N3)) -> 0.35700118
B4: Fç At Casa | C4: =VLOOKUP(E2,BDBRA1!BQ1:BW22,2,FALSE) -> #N/A | D4: 1 | E4: =_xlfn.POISSON.DIST(1,C2,FALSE) -> 0.32631642 | F4: =_xlfn.POISSON.DIST(1,C3,FALSE) -> 0.36741193 | G4: VISIT | H4: =SUM(C15:L15,D16:L16,E17:L17,F18:L18,G19:L19,H20:L20,I21:L21,J22:L22,K23:L23,L24) -> 0.25369374 | I4: =1/H4 -> 3.9417607 | J4: OVER 2,5 | K4: =SUM(E15:L25,D16:D25,C17:C25,B18:B25) -> 0.48756072 | L4: =1/K4 -> 2.0510266 | M4: 0X2 | N4: =1/D15 -> 24.954595 | O4: 37.5 | P4: =((1/N4)*(O4-1))-(1-(1/N4)) -> 0.50272927
B5: Fç Df Casa | C5: =VLOOKUP(E2,BDBRA1!BQ1:BW22,4,FALSE) -> #N/A | D5: 2 | E5: =_xlfn.POISSON.DIST(2,C2,FALSE) -> 0.25659069 | F5: =_xlfn.POISSON.DIST(2,C3,FALSE) -> 0.19312678 | G5: GOLE CAS | H5: =SUM(B19:E25,F20:F25,G21:G25,H22:H25,I23:I25,J24:J25,K25) -> 0.073830763 | I5: =1/H5 -> 13.54449 | J5: OVER 3,5 | K5: =SUM(F15:L25,E16:E25,D17:D25,C18:C25,B19:B25) -> 0.2692137 | L5: =1/K5 -> 3.7145212 | M5: 0X3 | N5: =1/E15 -> 71.211892 | O5: 110 | P5: =((1/N5)*(O5-1))-(1-(1/N5)) -> 0.54468582
B6: Fç At Vis | C6: =VLOOKUP(F2,BDBRA1!BQ1:BW22,3,FALSE) -> #N/A | D6: 3 | E6: =_xlfn.POISSON.DIST(3,C2,FALSE) -> 0.13450908 | F6: =_xlfn.POISSON.DIST(3,C3,FALSE) -> 0.067676907 | G6: GOLE VIS | H6: =SUM(F15:L18,G19:L19,H20:L20,I21:L21,J22:L22,K23:L23,L24) -> 0.020872544 | I6: =1/H6 -> 47.909829 | J6: OVER 4,5 | K6: =SUM(G15:L25,F16:F25,E17:E25,D18:D25,C19:C25,B20:B25) -> 0.12598179 | L6: =1/K6 -> 7.9376552 | M6: 1X0 | N6: =1/B16 -> 8.7685355 | O6: 8.5 | P6: =((1/N6)*(O6-1))-(1-(1/N6)) -> -0.030624896
B7: Fç Df Vis | C7: =VLOOKUP(F2,BDBRA1!BQ1:BW22,5,FALSE) -> #N/A | D7: 4 | E7: =_xlfn.POISSON.DIST(4,C2,FALSE) -> 0.052883912 | F7: =_xlfn.POISSON.DIST(4,C3,FALSE) -> 0.01778688 | G7: BTTS | H7: =SUM(C16:L25) -> 0.51553253 | I7: =1/H7 -> 1.9397418 | J7: OVER 5,5 | K7: =SUM(H15:L25,G16:G25,F17:F25,E18:E25,D19:D25,C20:C25,B21:B25) -> 0.05081564 | L7: =1/K7 -> 19.678981 | M7: 1X1 | N7: =1/C16 -> 8.340802 | O7: 8.3 | P7: =((1/N7)*(O7-1))-(1-(1/N7)) -> -0.0048918614
D8: 5 | E8: =_xlfn.POISSON.DIST(5,C2,FALSE) -> 0.016633572 | F8: =_xlfn.POISSON.DIST(5,C3,FALSE) -> 0.0037398054 | G8: BTTS NÃO | H8: =SUM(B15:L15,B16:B25) -> 0.48446658 | I8: =1/H8 -> 2.0641259 | J8: OVER 6,5 | K8: =SUM(I15:L25,H16:H25,G17:G25,F18:F25,E19:E25,D20:D25,C21:C25,B22:B25) -> 0.017943834 | L8: =1/K8 -> 55.72945 | M8: 1X2 | N8: =1/D16 -> 15.867867 | O8: 18.7 | P8: =((1/N8)*(O8-1))-(1-(1/N8)) -> 0.17848225
D9: 6 | E9: =_xlfn.POISSON.DIST(6,C2,FALSE) -> 0.0043597967 | F9: =_xlfn.POISSON.DIST(6,C3,FALSE) -> 0.00065526506 | M9: 1X3 | N9: =1/E16 -> 45.281475 | O9: 59 | P9: =((1/N9)*(O9-1))-(1-(1/N9)) -> 0.30296109
D10: 7 | E10: =_xlfn.POISSON.DIST(7,C2,FALSE) -> 0.00097949035 | F10: =_xlfn.POISSON.DIST(7,C3,FALSE) -> 9.840977e-05 | M10: 2X0 | N10: =1/B17 -> 11.15129 | O10: 9.5 | P10: =((1/N10)*(O10-1))-(1-(1/N10)) -> -0.1480806
D11: 8 | E11: =_xlfn.POISSON.DIST(8,C2,FALSE) -> 0.00019254938 | F11: =_xlfn.POISSON.DIST(8,C3,FALSE) -> 1.2932053e-05 | M11: 2X1 | N11: =1/C17 -> 10.607324 | O11: 9.1 | P11: =((1/N11)*(O11-1))-(1-(1/N11)) -> -0.14210222
D12: 9 | E12: =_xlfn.POISSON.DIST(9,C2,FALSE) -> 3.3645856e-05 | F12: =_xlfn.POISSON.DIST(9,C3,FALSE) -> 1.5105817e-06 | M12: 2X2 | N12: =1/D17 -> 20.179788 | O12: 18.2 | P12: =((1/N12)*(O12-1))-(1-(1/N12)) -> -0.098107463
D13: 10 | E13: =_xlfn.POISSON.DIST(10,C2,FALSE) -> 5.2913142e-06 | F13: =_xlfn.POISSON.DIST(10,C3,FALSE) -> 1.5880474e-07 | M13: 2X3 | N13: =1/E17 -> 57.586224 | O13: 59 | P13: =((1/N13)*(O13-1))-(1-(1/N13)) -> 0.0245506
B14: 0 | C14: 1 | D14: 2 | E14: 3 | F14: 4 | G14: 5 | H14: 6 | I14: 7 | J14: 8 | K14: 9 | L14: 10 | M14: 3X0 | N14: =1/B18 -> 21.272297 | O14: 16.2 | P14: =((1/N14)*(O14-1))-(1-(1/N14)) -> -0.23844614
A15: 0 | B15: =E3*F3 -> 0.072517191 | C15: =E3*F4 -> 0.076236022 | D15: =E3*F5 -> 0.040072781 | E15: =E3*F6 -> 0.014042598 | F15: =E3*F7 -> 0.0036906829 | G15: =E3*F8 -> 0.00077598974 | H15: =E3*F9 -> 0.00013596401 | I15: =E3*F10 -> 2.0419504e-05 | J15: =E3*F11 -> 2.6833322e-06 | K15: =E3*F12 -> 3.1343767e-07 | L15: =E3*F13 -> 3.295114e-08 | M15: 3X1 | N15: =1/C18 -> 20.234624 | O15: 16.2 | P15: =((1/N15)*(O15-1))-(1-(1/N15)) -> -0.1993921
A16: 1 | B16: =E4*F3 -> 0.11404413 | C16: =E4*F4 -> 0.11989255 | D16: =E4*F5 -> 0.063020441 | E16: =E4*F6 -> 0.022084086 | F16: =E4*F7 -> 0.0058041509 | G16: =E4*F8 -> 0.0012203599 | H16: =E4*F9 -> 0.00021382375 | I16: =E4*F10 -> 3.2112724e-05 | J16: =E4*F11 -> 4.2199413e-06 | K16: =E4*F12 -> 4.9292762e-07 | L16: =E4*F13 -> 5.1820596e-08 | M16: 3X2 | N16: =1/D18 -> 38.495139 | O16: 31.5 | P16: =((1/N16)*(O16-1))-(1-(1/N16)) -> -0.18171486
A17: 2 | B17: =E5*F3 -> 0.089675726 | C17: =E5*F4 -> 0.094274481 | D17: =E5*F5 -> 0.049554535 | E17: =E5*F6 -> 0.017365264 | F17: =E5*F7 -> 0.0045639477 | G17: =E5*F8 -> 0.00095959926 | H17: =E5*F9 -> 0.00016813491 | I17: =E5*F10 -> 2.5251031e-05 | J17: =E5*F11 -> 3.3182444e-06 | K17: =E5*F12 -> 3.876012e-07 | L17: =E5*F13 -> 4.0747819e-08 | M17: 3x3 | N17: =1/E18 -> 109.85198 | O17: 94 | P17: =((1/N17)*(O17-1))-(1-(1/N17)) -> -0.1443031
A18: 3 | B18: =E6*F3 -> 0.047009497 | C18: =E6*F4 -> 0.049420241 | D18: =E6*F5 -> 0.025977306 | E18: =E6*F6 -> 0.0091031586 | F18: =E6*F7 -> 0.0023924968 | G18: =E6*F8 -> 0.00050303779 | H18: =E6*F9 -> 8.81391e-05 | I18: =E6*F10 -> 1.3237008e-05 | J18: =E6*F11 -> 1.7394786e-06 | K18: =E6*F12 -> 2.0318696e-07 | L18: =E6*F13 -> 2.136068e-08 | M18: GOLE CAS | N18: =I5 -> 13.54449 | O18: 22 | P18: =((1/N18)*(O18-1))-(1-(1/N18)) -> 0.62427679
A19: 4 | B19: =E7*F3 -> 0.018482367 | C19: =E7*F4 -> 0.01943018 | D19: =E7*F5 -> 0.0102133 | E19: =E7*F6 -> 0.0035790196 | F19: =E7*F7 -> 0.00094063977 | G19: =E7*F8 -> 0.00019777554 | H19: =E7*F9 -> 3.4652979e-05 | I19: =E7*F10 -> 5.2042936e-06 | J19: =E7*F11 -> 6.8389756e-07 | K19: =E7*F12 -> 7.988547e-08 | L19: =E7*F13 -> 8.398216e-09 | M19: GOLE VIS | N19: =I6 -> 47.909829 | O19: 33 | P19: =((1/N19)*(O19-1))-(1-(1/N19)) -> -0.31120606
A20: 5 | B20: =E8*F3 -> 0.0058132572 | C20: =E8*F4 -> 0.0061113729 | D20: =E8*F5 -> 0.0032123883 | E20: =E8*F6 -> 0.0011257087 | F20: =E8*F7 -> 0.00029585935 | G20: =E8*F8 -> 6.2206324e-05 | H20: =E8*F9 -> 1.0899399e-05 | I20: =E8*F10 -> 1.636906e-06 | J20: =E8*F11 -> 2.1510624e-07 | K20: =E8*F12 -> 2.512637e-08 | L20: =E8*F13 -> 2.6414902e-09 | M20: OUTR EMP | N20: =1/SUM(F19,G20,H21,I22,J23,K24,L25) -> 994.23162 | O20: 55 | P20: =((1/N20)*(O20-1))-(1-(1/N20)) -> -0.9446809
A21: 6 | B21: =E9*F3 -> 0.0015237027 | C21: =E9*F4 -> 0.0016018413 | D21: =E9*F5 -> 0.00084199352 | E21: =E9*F6 -> 0.00029505756 | F21: =E9*F7 -> 7.7547179e-05 | G21: =E9*F8 -> 1.6304791e-05 | H21: =E9*F9 -> 2.8568224e-06 | I21: =E9*F10 -> 4.2904659e-07 | J21: =E9*F11 -> 5.6381123e-08 | K21: =E9*F12 -> 6.5858292e-09 | L21: =E9*F13 -> 6.923564e-10
A22: 7 | B22: =E10*F3 -> 0.00034232149 | C22: =E10*F4 -> 0.00035987644 | D22: =E10*F5 -> 0.00018916582 | E22: =E10*F6 -> 6.6288878e-05 | F22: =E10*F7 -> 1.7422077e-05 | G22: =E10*F8 -> 3.6631033e-06 | H22: =E10*F9 -> 6.418258e-07 | I22: =E10*F10 -> 9.639142e-08 | J22: =E10*F11 -> 1.2666821e-08 | K22: =E10*F12 -> 1.4796002e-09 | L22: =E10*F13 -> 1.5554771e-10
A23: 8 | B23: =E11*F3 -> 6.7293969e-05 | C23: =E11*F4 -> 7.0744941e-05 | D23: =E11*F5 -> 3.7186444e-05 | E23: =E11*F6 -> 1.3031147e-05 | F23: =E11*F7 -> 3.4248527e-06 | G23: =E11*F8 -> 7.2009724e-07 | H23: =E11*F9 -> 1.2617088e-07 | I23: =E11*F10 -> 1.8948741e-08 | J23: =E11*F11 -> 2.4900589e-09 | K23: =E11*F12 -> 2.9086158e-10 | L23: =E11*F13 -> 3.0577756e-11
A24: 9 | B24: =E12*F3 -> 1.175887e-05 | C24: =E12*F4 -> 1.2361889e-05 | D24: =E12*F5 -> 6.4979161e-06 | E24: =E12*F6 -> 2.2770475e-06 | F24: =E12*F7 -> 5.9845479e-07 | G24: =E12*F8 -> 1.2582896e-07 | H24: =E12*F9 -> 2.2046954e-08 | I24: =E12*F10 -> 3.311081e-09 | J24: =E12*F11 -> 4.3511e-10 | K24: =E12*F12 -> 5.0824815e-11 | L24: =E12*F13 -> 5.3431216e-12
A25: 10 | B25: =E13*F3 -> 1.8492582e-06 | C25: =E13*F4 -> 1.944092e-06 | D25: =E13*F5 -> 1.0218945e-06 | E25: =E13*F6 -> 3.5809978e-07 | F25: =E13*F7 -> 9.4115968e-08 | G25: =E13*F8 -> 1.9788486e-08 | H25: =E13*F9 -> 3.4672133e-09 | I25: =E13*F10 -> 5.2071701e-10 | J25: =E13*F11 -> 6.8427556e-11 | K25: =E13*F12 -> 7.9929624e-12 | L25: =E13*F13 -> 8.4028579e-13 | N25: HANDICAPS
T26: Rótulos de Linha | U26: Contagem de FAVC
G27: HANDICAPS | T27: (vazio) | U27: 296
T28: Fluminense | U28: 6
B29: CASA | C29: FULL | D29: ASIAN | F29: VISITANTE | G29: FULL | H29: ASIAN | J29: OVER | K29: FULL | L29: ASIAN | T29: Bahia | U29: 5
B30: -2.5 | C30: =SUM(B20:D20,B19:C19,B18) -> 0.10005906 | F30: -2.5 | G30: =SUM(E15:G15,F16:G16,G17) -> 0.026493381 | J30: 5.5 | K30: =SUM(H15:L25,G16:G25,F17:F25,E18:E25,D19:D25,C20:C25,B21:B25) -> 0.05081564 | T30: Athletico-PR | U30: 6
B31: -2.25 | C31: =SUM(B20:D20,B19:C19,B18) -> 0.10005906 | D31: =SUM(B17,C18,D19,E20) -> 0.15043498 | E31: -0.5 | F31: -2.25 | G31: =SUM(E15:G15,F16:G16,G17) -> 0.026493381 | H31: =SUM(D15,E16,F17,G18) -> 0.067223852 | I31: -0.5 | J31: 5.25 | K31: =SUM(H15:L25,G16:G25,F17:F25,E18:E25,D19:D25,C20:C25,B21:B25) -> 0.05081564 | L31: =SUM(G15,F16,E17,D18,C19,B20) -> 0.075166148 | M31: -0.5 | T31: Chapecoense-SC | U31: 7
B32: -2 | C32: =SUM(B20:D20,B19:C19,B18) -> 0.10005906 | D32: =SUM(B17,C18,D19,E20) -> 0.15043498 | E32: 0 | F32: -2 | G32: =SUM(E15:G15,F16:G16,G17) -> 0.026493381 | H32: =SUM(D15,E16,F17,G18) -> 0.067223852 | I32: 0 | J32: 5 | K32: =SUM(H15:L25,G16:G25,F17:F25,E18:E25,D19:D25,C20:C25,B21:B25) -> 0.05081564 | L32: =SUM(G15,F16,E17,D18,C19,B20) -> 0.075166148 | M32: 0 | T32: Corinthians | U32: 6
B33: -1.75 | C33: =SUM(B20:D20,B19:C19,B18) -> 0.10005906 | D33: =SUM(B17,C18,D19,E20) -> 0.15043498 | E33: 0.5 | F33: -1.75 | G33: =SUM(E15:G15,F16:G16,G17) -> 0.026493381 | H33: =SUM(D15,E16,F17,G18) -> 0.067223852 | I33: 0.5 | J33: 4.75 | K33: =SUM(H15:L25,G16:G25,F17:F25,E18:E25,D19:D25,C20:C25,B21:B25) -> 0.05081564 | L33: =SUM(G15,F16,E17,D18,C19,B20) -> 0.075166148 | M33: 0.5 | T33: Bragantino | U33: 6
B34: -1.5 | C34: =SUM(B17:B20,C18:C20,D19:D20,E20) -> 0.25049404 | F34: -1.5 | G34: =SUM(D15:G15,E16:G16,F17:G17,G18) -> 0.093717233 | J34: 4.5 | K34: =SUM(G15:L25,F16:F25,E17:E25,D18:D25,C19:C25,B20:B25) -> 0.12598179 | T34: Santos | U34: 7
B35: -1.25 | C35: =SUM(B17:B20,C18:C20,D19:D20,E20) -> 0.25049404 | D35: =SUM(B16,C17,D18,E19,F20) -> 0.2381708 | E35: -0.5 | F35: -1.25 | G35: =SUM(D15:G15,E16:G16,F17:G17,G18) -> 0.093717233 | H35: =SUM(C15,D16,E17,F18,G19) -> 0.159212 | I35: -0.5 | J35: 4.25 | K35: =SUM(G15:L25,F16:F25,E17:E25,D18:D25,C19:C25,B20:B25) -> 0.12598179 | L35: =SUM(F15,E16,D17,C18,B19) -> 0.14323191 | M35: -0.5 | T35: Gremio | U35: 5
B36: -1 | C36: =SUM(B17:B20,C18:C20,D19:D20,E20) -> 0.25049404 | D36: =SUM(B16,C17,D18,E19,F20) -> 0.2381708 | E36: 0 | F36: -1 | G36: =SUM(D15:G15,E16:G16,F17:G17,G18) -> 0.093717233 | H36: =SUM(C15,D16,E17,F18,G19) -> 0.159212 | I36: 0 | J36: 4 | K36: =SUM(G15:L25,F16:F25,E17:E25,D18:D25,C19:C25,B20:B25) -> 0.12598179 | L36: =SUM(F15,E16,D17,C18,B19) -> 0.14323191 | M36: 0 | T36: Palmeiras | U36: 6
B37: -0.75 | C37: =SUM(B17:B20,C18:C20,D19:D20,E20) -> 0.25049404 | D37: =SUM(B16,C17,D18,E19,F20) -> 0.2381708 | E37: 0.5 | F37: -0.75 | G37: =SUM(D15:G15,E16:G16,F17:G17,G18) -> 0.093717233 | H37: =SUM(C15,D16,E17,F18,G19) -> 0.159212 | I37: 0.5 | J37: 3.75 | K37: =SUM(G15:L25,F16:F25,E17:E25,D18:D25,C19:C25,B20:B25) -> 0.12598179 | L37: =SUM(F15,E16,D17,C18,B19) -> 0.14323191 | M37: 0.5 | T37: Atletico-MG | U37: 5
A38: BACK | B38: -0.5 | C38: =SUM(B16:B20,C17:C20,D18:D20,E19:E20,F20) -> 0.48866483 | F38: -0.5 | G38: =SUM(C15:G15,D16:G16,E17:G17,F18:G18,G19) -> 0.25292923 | J38: 3.5 | K38: =SUM(F15:L25,E16:E25,D17:D25,C18:C25,B19:B25) -> 0.2692137 | T38: Internacional | U38: 7
B39: -0.25 | C39: =SUM(B16:B20,C17:C20,D18:D20,E19:E20,F20) -> 0.48866483 | D39: =SUM(B15,C16,D17,E18,F19,G20) -> 0.25207028 | E39: -0.5 | F39: -0.25 | G39: =SUM(C15:G15,D16:G16,E17:G17,F18:G18,G19) -> 0.25292923 | H39: =SUM(B15,C16,D17,E18,F19,G20) -> 0.25207028 | I39: -0.5 | J39: 3.25 | K39: =SUM(F15:L25,E16:E25,D17:D25,C18:C25,B19:B25) -> 0.2692137 | L39: =SUM(E15,D16,C17,B18) -> 0.21834702 | M39: -0.5 | T39: Sao Paulo | U39: 5
A40: DNB | B40: 0 | C40: =SUM(B16:B20,C17:C20,D18:D20,E19:E20,F20) -> 0.48866483 | D40: =SUM(B15,C16,D17,E18,F19,G20) -> 0.25207028 | E40: 0 | F40: 0 | G40: =SUM(C15:G15,D16:G16,E17:G17,F18:G18,G19) -> 0.25292923 | H40: =SUM(B15,C16,D17,E18,F19,G20) -> 0.25207028 | I40: 0 | J40: 3 | K40: =SUM(F15:L25,E16:E25,D17:D25,C18:C25,B19:B25) -> 0.2692137 | M40: 0 | T40: Flamengo RJ | U40: 5
B41: 0.25 | C41: =SUM(B16:B20,C17:C20,D18:D20,E19:E20,F20) -> 0.48866483 | D41: =SUM(B15,C16,D17,E18,F19,G20) -> 0.25207028 | E41: 0.5 | F41: 0.25 | G41: =SUM(C15:G15,D16:G16,E17:G17,F18:G18,G19) -> 0.25292923 | H41: =SUM(B15,C16,D17,E18,F19,G20) -> 0.25207028 | I41: 0.5 | J41: 2.75 | K41: =SUM(F15:L25,E16:E25,D17:D25,C18:C25,B19:B25) -> 0.2692137 | L41: =SUM(E15,D16,C17,B18) -> 0.21834702 | M41: 0.5 | T41: Coritiba | U41: 6
A42: DC | B42: 0.5 | C42: =SUM(B15:B20,C16:C20,D17:D20,E18:E20,F19:F20,G20) -> 0.74073511 | F42: 0.5 | G42: =SUM(B15:G15,C16:G16,D17:G17,E18:G18,F19:G19,G20) -> 0.50499951 | J42: 2.5 | K42: =SUM(E15:L25,D16:D25,C17:C25,B18:B25) -> 0.48756072 | T42: Botafogo RJ | U42: 4
B43: 0.75 | C43: =SUM(B15:B20,C16:C20,D17:D20,E18:E20,F19:F20,G20) -> 0.74073511 | D43: =SUM(C15,D16,E17,F18,G19) -> 0.159212 | E43: -0.5 | F43: 0.75 | G43: =SUM(B15:G15,C16:G16,D17:G17,E18:G18,F19:G19,G20) -> 0.50499951 | H43: =SUM(B16,C17,D18,E19,F20) -> 0.2381708 | I43: -0.5 | J43: 2.25 | K43: =SUM(E15:L25,D16:D25,C17:C25,B18:B25) -> 0.48756072 | L43: =SUM(D15,C16,B17) -> 0.24964105 | M43: -0.5 | T43: Vasco | U43: 7
B44: 1 | C44: =SUM(B15:B20,C16:C20,D17:D20,E18:E20,F19:F20,G20) -> 0.74073511 | D44: =SUM(C15,D16,E17,F18,G19) -> 0.159212 | E44: 0 | F44: 1 | G44: =SUM(B15:G15,C16:G16,D17:G17,E18:G18,F19:G19,G20) -> 0.50499951 | H44: =SUM(B16,C17,D18,E19,F20) -> 0.2381708 | I44: 0 | J44: 2 | K44: =SUM(E15:L25,D16:D25,C17:C25,B18:B25) -> 0.48756072 | L44: =SUM(D15,C16,B17) -> 0.24964105 | M44: 0 | T44: Cruzeiro | U44: 7
B45: 1.25 | C45: =SUM(B15:B20,C16:C20,D17:D20,E18:E20,F19:F20,G20) -> 0.74073511 | D45: =SUM(C15,D16,E17,F18,G19) -> 0.159212 | E45: 0.5 | F45: 1.25 | G45: =SUM(B15:G15,C16:G16,D17:G17,E18:G18,F19:G19,G20) -> 0.50499951 | H45: =SUM(B16,C17,D18,E19,F20) -> 0.2381708 | I45: 0.5 | J45: 1.75 | K45: =SUM(E15:L25,D16:D25,C17:C25,B18:B25) -> 0.48756072 | L45: =SUM(D15,C16,B17) -> 0.24964105 | M45: 0.5 | T45: Mirassol | U45: 6
B46: 1.5 | C46: =SUM(B15:B20,C15:C20,D16:D20,E17:E20,F18:F20,G19:G20) -> 0.89994711 | F46: 1.5 | G46: =SUM(B15:G15,B16:G16,C17:G17,D18:G18,E19:G19,F20:G20) -> 0.74317031 | J46: 1.5 | K46: =SUM(D15:L25,C16:C25,B17:B25) -> 0.73720177 | T46: Vitoria | U46: 6
B47: 1.75 | C47: =SUM(B15:B20,C15:C20,D16:D20,E17:E20,F18:F20,G19:G20) -> 0.89994711 | D47: =SUM(D15,E16,F17,G18) -> 0.067223852 | E47: -0.5 | F47: 1.75 | G47: =SUM(B15:G15,B16:G16,C17:G17,D18:G18,E19:G19,F20:G20) -> 0.74317031 | H47: =SUM(B17,C18,D19,E20) -> 0.15043498 | I47: -0.5 | J47: 1.25 | K47: =SUM(D15:L25,C16:C25,B17:B25) -> 0.73720177 | L47: =SUM(C15,B16) -> 0.19028015 | M47: -0.5 | T47: Remo | U47: 5
B48: 2 | C48: =SUM(B15:B20,C15:C20,D16:D20,E17:E20,F18:F20,G19:G20) -> 0.89994711 | D48: =SUM(D15,E16,F17,G18) -> 0.067223852 | E48: 0 | F48: 2 | G48: =SUM(B15:G15,B16:G16,C17:G17,D18:G18,E19:G19,F20:G20) -> 0.74317031 | H48: =SUM(B17,C18,D19,E20) -> 0.15043498 | I48: 0 | J48: 1 | K48: =SUM(D15:L25,C16:C25,B17:B25) -> 0.73720177 | L48: =SUM(C15,B16) -> 0.19028015 | M48: 0 | T48: Total Geral | U48: 413
B49: 2.25 | C49: =SUM(B15:B20,C15:C20,D16:D20,E17:E20,F18:F20,G19:G20) -> 0.89994711 | D49: =SUM(D15,E16,F17,G18) -> 0.067223852 | E49: 0.5 | F49: 2.25 | G49: =SUM(B15:G15,B16:G16,C17:G17,D18:G18,E19:G19,F20:G20) -> 0.74317031 | H49: =SUM(B17,C18,D19,E20) -> 0.15043498 | I49: 0.5 | J49: 0.75 | K49: =SUM(D15:L25,C16:C25,B17:B25) -> 0.73720177 | L49: =SUM(C15,B16) -> 0.19028015 | M49: 0.5
B50: 2.5 | C50: =SUM(B15:B20,C15:C20,D15:D20,E16:E20,F17:F20,G18:G20) -> 0.96717096 | F50: 2.5 | G50: =SUM(B15:G15,B16:G16,B17:G17,C18:G18,D19:G19,E20:G20) -> 0.89360528 | J50: 0.5 | K50: =SUM(C15:L25,B16:B25) -> 0.92748192
T57: Rótulos de Linha | U57: Contagem de FAVV
T58: (vazio) | U58: 296
T59: Santos | U59: 5
T60: Fluminense | U60: 6
T61: Athletico-PR | U61: 6
T62: Chapecoense-SC | U62: 4
T63: Bahia | U63: 6
T64: Atletico-MG | U64: 7
T65: Flamengo RJ | U65: 6
T66: Corinthians | U66: 6
T67: Sao Paulo | U67: 7
T68: Internacional | U68: 5
T69: Palmeiras | U69: 6
... T79: Total Geral | U79: 413

Sheet EVOL
S1: Rótulos de Linha | T1: Soma de FTHG | U1: Soma de FTAG
S2: 1 | T2: 2 | U2: 2
S3: Atletico-MG | T3: 2 | U3: 2
S4: Palmeiras | T4: 2 | U4: 2
S5: 2 | T5: 0 | U5: 1
S6: Coritiba | T6: 0 | U6: 1
S7: Bragantino | T7: 0 | U7: 1
S8: 3 | T8: 0 | U8: 1
S9: Internacional | T9: 0 | U9: 1
S10: Athletico-PR | T10: 0 | U10: 1
S11: 4 | T11: 2 | U11: 0
S12: Vitoria | T12: 2 | U12: 0
S13: Remo | T13: 2 | U13: 0
S14: 5 | T14: 2 | U14: 1
S15: Fluminense | T15: 2 | U15: 1
S16: Gremio | T16: 2 | U16: 1
S17: 6 | T17: 4 | U17: 2
S18: Chapecoense-SC | T18: 4 | U18: 2
S19: Santos | T19: 4 | U19: 2
S20: 7 | T20: 1 | U20: 2
S21: Corinthians | T21: 1 | U21: 2
S22: Bahia | T22: 1 | U22: 2
S23: 8 | T23: 2 | U23: 1
S24: Sao Paulo | T24: 2 | U24: 1
S25: Flamengo RJ | T25: 2 | U25: 1
S26: 9 | T26: 2 | U26: 1
S27: Mirassol | T27: 2 | U27: 1
S28: Vasco | T28: 2 | U28: 1
S29: 10 | T29: 4 | U29: 0
S30: Botafogo RJ | T30: 4 | U30: 0
S31: Cruzeiro | T31: 4 | U31: 0
S32: 11 | T32: 1 | U32: 0
S33: Bragantino | T33: 1 | U33: 0
S34: Atletico-MG | T34: 1 | U34: 0
S35: 12 | T35: 1 | U35: 1
S36: Flamengo RJ | T36: 1 | U36: 1
S37: Internacional | T37: 1 | U37: 1
S38: 13 | T38: 2 | U38: 2
S39: Remo | T39: 2 | U39: 2
S40: Mirassol | T40: 2 | U40: 2
S41: 14 | T41: 1 | U41: 1
S42: Santos | T42: 1 | U42: 1
S43: Sao Paulo | T43: 1 | U43: 1
S44: 15 | T44: 5 | U44: 3
S45: Gremio | T45: 5 | U45: 3
S46: Botafogo RJ | T46: 5 | U46: 3
S47: 16 | T47: 5 | U47: 1
S48: Palmeiras | T48: 5 | U48: 1
S49: Vitoria | T49: 5 | U49: 1
S50: 17 | T50: 1 | U50: 1
S51: Bahia | T51: 1 | U51: 1
S52: Fluminense | T52: 1 | U52: 1
S53: 18 | T53: 1 | U53: 1
S54: Vasco | T54: 1 | U54: 1
S55: Chapecoense-SC | T55: 1 | U55: 1
S56: 19 | T56: 1 | U56: 2
S57: Cruzeiro | T57: 1 | U57: 2
S58: Coritiba | T58: 1 | U58: 2
S59: 20 | T59: 1 | U59: 2
S60: Vitoria | T60: 1 | U60: 2
S61: Flamengo RJ | T61: 1 | U61: 2
S62: 21 | T62: 3 | U62: 3
S63: Chapecoense-SC | T63: 3 | U63: 3
S64: Coritiba | T64: 3 | U64: 3
S65: 22 | T65: 2 | U65: 2
S66: Mirassol | T66: 2 | U66: 2
S67: Cruzeiro | T67: 2 | U67: 2
S68: 23 | T68: 3 | U68: 3
S69: Atletico-MG | T69: 3 | U69: 3
S70: Remo | T70: 3 | U70: 3
S71: 24 | T71: 2 | U71: 0
S72: Sao Paulo | T72: 2 | U72: 0
S73: Gremio | T73: 2 | U73: 0
S74: 25 | T74: 0 | U74: 1
S75: Vasco | T75: 0 | U75: 1
S76: Bahia | T76: 0 | U76: 1
S77: 26 | T77: 2 | U77: 1
S78: Athletico-PR | T78: 2 | U78: 1
S79: Santos | T79: 2 | U79: 1
S80: 27 | T80: 1 | U80: 0
S81: Fluminense | T81: 1 | U81: 0
S82: Botafogo RJ | T82: 1 | U82: 0
S83: 28 | T83: 2 | U83: 0
S84: Corinthians | T84: 2 | U84: 0
S85: Bragantino | T85: 2 | U85: 0
S86: 29 | T86: 1 | U86: 3
S87: Internacional | T87: 1 | U87: 3
S88: Palmeiras | T88: 1 | U88: 3
S89: 30 | T89: 0 | U89: 1
S90: Athletico-PR | T90: 0 | U90: 1
S91: Corinthians | T91: 0 | U91: 1
S92: 31 | T92: 1 | U92: 1
S93: Bragantino | T93: 1 | U93: 1
S94: Athletico-PR | T94: 1 | U94: 1
S95: 32 | T95: 1 | U95: 1
S96: Remo | T96: 1 | U96: 1
S97: Internacional | T97: 1 | U97: 1
S98: 33 | T98: 0 | U98: 1
S99: Coritiba | T99: 0 | U99: 1
S100: Sao Paulo | T100: 0 | U100: 1
...

Sheet MAPVAL
A3: ODDS CASA | B3: Soma de PLBACKC | C3: Soma de PLEMP | D3: Soma de PLBACKV | E3: Contagem
A4: 1,3-1,5 | B4: 0.6 | C4: -3 | D4: -2.5 | E4: 12
A5: 1,5-1,7 | B5: -1.5 | C5: 3 | D5: -7.75 | E5: 19
A6: 1,7-1,9 | B6: 2.08 | C6: -7 | D6: -1.37 | E6: 14
A7: 1,9-2,1 | B7: 2.69 | C7: -5 | D7: -3.4 | E7: 15
A8: 2,1-2,3 | B8: -2.25 | C8: -5.5 | D8: 5.5 | E8: 15
A9: 2,3-2,5 | B9: 4.54 | C9: -4 | D9: -3.8 | E9: 7
A10: 2,5-2,7 | B10: -6.43 | C10: 3.2 | D10: 2.55 | E10: 9
A11: 2,7-2,9 | B11: -5 | C11: 7.8 | D11: -2.18 | E11: 5
A12: 2,9-3,1 | B12: 5 | C12: -0.9 | D12: -4 | E12: 4
A13: 3,1-3,3 | B13: -2.9 | C13: 3.5 | D13: -1.4 | E13: 6
A14: 3,3-3,5 | B14: -3 | C14: 3.2 | D14: -0.8 | E14: 3
A15: 3,7-3,9 | B15: 7.2 | C15: -4 | D15: -2.04 | E15: 4
... A19: Total Geral | B19: -1.97 | C19: -11.7 | D19: -18.85 | E19: 116

Sheet BDBRA1
A1: Date | B1: HomeTeam | C1: AwayTeam | D1: FTHG | E1: FTAG | F1: FTR | G1: ODDC | H1: ODDE | I1: ODDV | J1: PTC | K1: PTV | L1: GC/ODDV | M1: GV/ODDC | N1: PESOPTC | O1: PESOPTV | P1: SLDC | Q1: SLDV | R1: PLBACKC | S1: PLBACKV | T1: PLEMP | U1: GOLEAC | V1: GOLEAV | W1: 0,5FT | X1: 1,5FT | Y1: 2,5FT | Z1: 3,5FT | AA1: 4,5FT | AB1: 5,5FT | AC1: AMBFT | AD1: MÊS | AE1: CONTAG | AF1: VITC | AG1: EMP | AH1: VITV | AI1: FAVC | AJ1: FAVV | AK1: p(H) | AL1: p(D) | AM1: p(A) | AN1: JUICE | AO1: CustGC | AP1: CustGV | AQ1: T | AR1: MPTC | AS1: MPTV | AT1: DPMPTC | AU1: DPMPTV | AV1: CVMPTC | AW1: CVMPTV | AX1: T1 | AY1: MGOLEFC | AZ1: MGOLESC | BA1: MGOLEFV | BB1: MGOLESV | BC1: T2 | BD1: MGC | BE1: MGV | BF1: DPMGC | BG1: DPMGV | BH1: CVMGC | BI1: CVMGV | BJ1: T3 | BK1: MGSC | BL1: MGSV | BM1: DPMGSC | BN1: DPMGSV | BO1: CVMGSC | BP1: CVMGSV | BQ1: T4 | BR1: FCAtC | BS1: FCAtV | BT1: FCDfC | BU1: FCDfV | BV1: FCSALDC | BW1: FCSALDV | BX1: T5 | BY1: ODDMC | BZ1: ODDMV | CA1: DPODDMC | CB1: DPODDMV | CC1: CVODDMC | CD1: CVODDMV | CE1: T6 | CF1: WR0,5FTC | CG1: WR0,5FTV | CH1: WR1,5FTC | CI1: WR1,5FTV | CJ1: WR2,5FTC | CK1: WR2,5FTV | CL1: WR3,5FTC | CM1: WR3,5FTV | CN1: WR4,5FTC | CO1: WR4,5FTV | CP1: WR5,5FTC | CQ1: WR5,5FTV | CR1: T7 | CS1: AMBFTC | CT1: AMBFTV | CU1: T8 | CV1: PESOGC | CW1: PESOGV | CX1: DPPGC | CY1: DPPGV | CZ1: CVPGC | DA1: CVPGV | DB1: T9 | DC1: CUSTGC | DD1: CUSTGV | DE1: DPCGC | DF1: DPCGV | DG1: CVCGC | DH1: CVCGV | DI1: T10 | DJ1: MPT*ODDC | DK1: MPT*ODDV | DL1: T11 | DM1: PLTTBCKC | DN1: PLTTBCKV | DO1: PLEMPC | DP1: PLEMPV
A2: 46050 | B2: Atletico-MG | C2: Palmeiras | D2: 2 | E2: 2 | F2: D | G2: 3 | H2: 3.1 | I2: 2.5 | J2: =IF(A2="","",IF(F2="H",3,IF(F2="D",1,0))) -> 1 | K2: =IF(A2="","",IF(F2="H",0,IF(F2="D",1,3))) -> 1 | L2: =IF(A2="","",D2/I2) -> 0.8 | M2: =IF(A2="","",E2/G2) -> 0.66666667 | N2: =IF(A2="","",Tabela1[[#This Row],[PTC]]*Tabela1[[#This Row],[ODDC]]) -> 3 | O2: =IF(A2="","",Tabela1[[#This Row],[PTV]]*Tabela1[[#This Row],[ODDV]]) -> 2.5 | P2: =IF(A2="","",D2-E2) -> 0 | Q2: =IF(A2="","",E2-D2) -> 0 | R2: =IF(A2="","",IF(F2="H",G2-1,-1)) -> -1 | S2: =IF(A2="","",IF(F2="A",I2-1,-1)) -> -1 | T2: =IF(A2="","",IF(F2="D",Tabela1[[#This Row],[ODDE]]-1,-1)) -> 2.1 | U2: =IF(A2="","",IF(AND(Tabela1[[#This Row],[FTHG]]>3,F2="H"),1,0)) -> 0 | V2: =IF(A2="","",IF(AND(Tabela1[[#This Row],[FTAG]]>3,F2="A"),1,0)) -> 0 | W2: =IF(A2="","",IF(D2+E2>0,1,0)) -> 1 | X2: =IF(A2="","",IF(D2+E2>1,1,0)) -> 1 | Y2: =IF(A2="","",IF(D2+E2>2,1,0)) -> 1 | Z2: =IF(A2="","",IF(D2+E2>3,1,0)) -> 1 | AA2: =IF(A2="","",IF(D2+E2>4,1,0)) -> 0 | AB2: =IF(A2="","",IF(D2+E2>5,1,0)) -> 0 | AC2: =IF(A2="","",IFERROR(IF(AND(D2>0,E2>0),1,0),0)) -> 1 | AD2: =IF(A2="","",UPPER(TEXT(A2,"MMM"))) -> JAN | AE2: =IF(A2="","",COUNT($N$2:N2)) -> 1 | AF2: =IF(A2="","",IF(F2="H",1,0)) -> 0 | AG2: =IF(A2="","",IF(F2="D",1,0)) -> 1 | AH2: =IF(A2="","",IF(F2="A",1,0)) -> 0 | AI2: =IF(A2="","",IF(G2<1.21,"1,01-1,2",IF(G2<1.41,"1,21-1,4",IF(G2<1.71,"1,41-1,7",IF(G2<2.01,"1,71-2,0",IF(G2<2.41,"2,01-2,4",IF(G2<3.01,"2,41-3,0",IF(G2<4.01,"3,01-4.0",IF(G2<5.51,"4,01-5,5",IF(G2<9.01,"5,51-9,0",IF(G2<16.01,"9,01-16","Z16-99"))))))))))) -> 2,41-3,0 | AJ2: =IF(A2="","",IF(I2<1.21,"1,01-1,2",IF(I2<1.41,"1,21-1,4",IF(I2<1.71,"1,41-1,7",IF(I2<2.01,"1,71-2,0",IF(I2<2.41,"2,01-2,4",IF(I2<3.01,"2,41-3,0",IF(I2<4.01,"3,01-4.0",IF(I2<5.51,"4,01-5,5",IF(I2<9.01,"5,51-9,0",IF(I2<16.01,"9,01-16","Z16-99"))))))))))) -> 2,41-3,0 | AK2: =IF(A2="","",1/Tabela1[[#This Row],[ODDC]]) -> 0.33333333 | AL2: =IF(A2="","",1/Tabela1[[#This Row],[ODDE]]) -> 0.32258065 | AM2: =IF(A2="","",1/Tabela1[[#This Row],[ODDV]]) -> 0.4 | AN2: =IF(A2="","",1-(Tabela1[[#This Row],[p(H)]]+Tabela1[[#This Row],[p(D)]]+Tabela1[[#This Row],[p(A)]])) -> -0.055913978 | AO2: =IF(A2="","",IFERROR(Tabela1[[#This Row],[p(H)]]/Tabela1[[#This Row],[FTHG]],1)) -> 0.16666667 | AP2: =IF(A2="","",IFERROR(Tabela1[[#This Row],[p(A)]]/Tabela1[[#This Row],[FTAG]],1)) -> 0.2 | AQ2: Athletico-PR | AR2: =AVERAGEIF($B$2:$B$1203,Tabela2[[#This Row],[T]],$J$2:$J$1214) -> 2.5 | AS2: =AVERAGEIF($C$2:$C$1203,Tabela2[[#This Row],[T]],$K$2:$K$1214) -> 0.66666667 | AT2: {=_xlfn.STDEV.S(IF($B$2:$B$1203=Tabela2[[#This Row],[T]],$J$2:$J$1203))} -> 1.2247449 | AU2: {=_xlfn.STDEV.S(IF($C$2:$C$1203=Tabela2[[#This Row],[T]],$K$2:$K$1203))} -> 1.2110601 | AV2: =Tabela2[[#This Row],[DPMPTC]]/Tabela2[[#This Row],[MPTC]] -> 0.48989795 | AW2: =Tabela2[[#This Row],[DPMPTV]]/Tabela2[[#This Row],[MPTV]] -> 1.8165902 | AX2: =Tabela2[[#This Row],[T]] -> Athletico-PR | AY2: =AVERAGEIF($B$2:$B$1203,Tabela2[[#This Row],[T]],$U$2:$U$1194) -> 0.16666667 | AZ2: =AVERAGEIF($B$2:$B$1203,Tabela2[[#This Row],[T]],$V$2:$V$1194) -> 0 | BA2: =AVERAGEIF($C$2:$C$1203,Tabela2[[#This Row],[T1]],$V$2:$V$1194) -> 0 | BB2: =AVERAGEIF($C$2:$C$1203,Tabela2[[#This Row],[T]],$U$2:$U$1194) -> 0 | BC2: =Tabela2[[#This Row],[T]] -> Athletico-PR | BD2: =AVERAGEIF($B$2:$B$1203,Tabela2[[#This Row],[T]],$D$2:$D$1203) -> 2 | BE2: =AVERAGEIF($C$2:$C$1203,Tabela2[[#This Row],[T]],$E$2:$E$1203) -> 0.83333333 | BF2: {=_xlfn.STDEV.S(IF($B$2:$B$1203=Tabela2[[#This Row],[T]],$D$2:$D$1203))} -> 1.2649111 | BG2: {=_xlfn.STDEV.S(IF($C$2:$C$1203=Tabela2[[#This Row],[T]],$E$2:$E$1203))} -> 0.75277265 | BH2: =BF2/BD2 -> 0.63245553 | BI2: =BG2/BE2 -> 0.90332718 | BJ2: =Tabela2[[#This Row],[T]] -> Athletico-PR | BK2: =AVERAGEIF($B$2:$B$1203,Tabela2[[#This Row],[T]],$E$2:$E$1203) -> 0.66666667 | BL2: =AVERAGEIF($C$2:$C$1203,Tabela2[[#This Row],[T]],$D$2:$D$1203) -> 1.6666667 | BM2: {=_xlfn.STDEV.S(IF($B$2:$B$1203=Tabela2[[#This Row],[T]],$E$2:$E$1203))} -> 0.51639778 | BN2: {=_xlfn.STDEV.S(IF($C$2:$C$1203=Tabela2[[#This Row],[T]],$D$2:$D$1203))} -> 1.2110601 | BO2: =BM2/BK2 -> 0.77459667 | BP2: =BN2/BL2 -> 0.72663608 | BQ2: =Tabela2[[#This Row],[T]] -> Athletico-PR | BR2: =BD2/$BD$22 -> 1.2445366 | BS2: =BE2/$BE$22 -> 0.80009144 | BT2: =BK2/$BK$22 -> 0.63905055 | BU2: =BL2/$BL$22 -> 1.0481396 | BV2: =BR2-BT2 -> 0.60548608 | BW2: =BS2-BU2 -> -0.24804811 | BX2: =Tabela2[[#This Row],[T]] -> Athletico-PR | BY2: =AVERAGEIF($B$2:$B$1469,Tabela2[[#This Row],[T]],$G$2:$G$1214) -> 1.9733333 | BZ2: =AVERAGEIF($C$2:$C$1469,Tabela2[[#This Row],[T]],$I$2:$I$1214) -> 4.5166667 | CA2: {=_xlfn.STDEV.S(IF($B$2:$B$1469=Tabela2[[#This Row],[T]],$G$2:$G$1183))} -> 0.37961384 | CB2: {=_xlfn.STDEV.S(IF($C$2:$C1469=Tabela2[[#This Row],[T]],$I$2:$I$1183))} -> 1.1210114 | CC2: =CA2/BY2 -> 0.19237188 | CD2: =CB2/BZ2 -> 0.24819442 | CE2: =Tabela2[[#This Row],[T]] -> Athletico-PR | CF2: =AVERAGEIF($B$2:$B$1469,Tabela2[[#This Row],[T]],$W$2:$W$1203) -> 1 | CG2: =AVERAGEIF($C$2:$C$1469,Tabela2[[#This Row],[T]],$W$2:$W$1203) -> 1 | CH2: =AVERAGEIF($B$2:$B$1469,Tabela2[[#This Row],[T]],$X$2:$X$1203) -> 0.83333333 | CI2: =AVERAGEIF($C$2:$C$1469,Tabela2[[#This Row],[T]],$X$2:$X$1183) -> 0.66666667 | CJ2: =AVERAGEIF($B$2:$B$1469,Tabela2[[#This Row],[T]],$Y$2:$Y$1203) -> 0.5 | CK2: =AVERAGEIF($C$2:$C$1469,Tabela2[[#This Row],[T]],$Y$2:$Y$1203) -> 0.5 | CL2: =AVERAGEIF($B$2:$B$1469,Tabela2[[#This Row],[T]],$Z$2:$Z$1203) -> 0.16666667 | CM2: =AVERAGEIF($C$2:$C$1469,Tabela2[[#This Row],[T]],$Z$2:$Z$1183) -> 0.16666667 | CN2: =AVERAGEIF($B$2:$B$1469,Tabela2[[#This Row],[T]],$AA$2:$AA$1203) -> 0.16666667 | CO2: =AVERAGEIF($C$2:$C$1469,Tabela2[[#This Row],[T]],$AA$2:$AA$1203) -> 0.16666667 | CP2: =AVERAGEIF($B$2:$B$1469,Tabela2[[#This Row],[T]],$AB$2:$AB$1203) -> 0 | CQ2: =AVERAGEIF($C$2:$C$1469,Tabela2[[#This Row],[T]],$AB$2:$AB$1183) -> 0 | CR2: =Tabela2[[#This Row],[T]] -> Athletico-PR | CS2: =AVERAGEIF($B$2:$B$1469,Tabela2[[#This Row],[T]],$AC$2:$AC$1240) -> 0.5 | CT2: =AVERAGEIF($C$2:$C$1469,Tabela2[[#This Row],[T]],$AC$2:$AC$1220) -> 0.5 | CU2: =Tabela2[[#This Row],[T]] -> Athletico-PR | CV2: =AVERAGEIF($B$2:$B$1240,Tabela2[[#This Row],[T]],$L$2:$L$1205) -> 0.47501255 | CW2: =AVERAGEIF($C$2:$C$1240,Tabela2[[#This Row],[T]],$M$2:$M$1205) -> 0.43353757 | CX2: {=_xlfn.STDEV.S(IF($B$2:$B$1203=Tabela2[[#This Row],[T]],$L$2:$L$1203))} -> 0.33317511 | CY2: {=_xlfn.STDEV.S(IF($C$2:$C$1203=Tabela2[[#This Row],[T]],$M$2:$M$1203))} -> 0.4135833 | CZ2: =Tabela2[[#This Row],[DPPGC]]/Tabela2[[#This Row],[PESOGC]] -> 0.70140275 | DA2: =Tabela2[[#This Row],[DPPGV]]/Tabela2[[#This Row],[PESOGV]] -> 0.95397337 | DB2: =Tabela2[[#This Row],[T]] -> Athletico-PR | DC2: =AVERAGEIF($B$2:$B$1240,Tabela2[[#This Row],[T]],$AO$2:$AO$1205) -> 0.37426328 | DD2: =AVERAGEIF($C$2:$C$1240,Tabela2[[#This Row],[T]],$AP$2:$AP$1205) -> 0.48685233 | DE2: {=_xlfn.STDEV.S(IF($B$2:$B$1203=Tabela2[[#This Row],[T]],$AO$2:$AO$1203))} -> 0.31508167 | DF2: {=_xlfn.STDEV.S(IF($C$2:$C$1203=Tabela2[[#This Row],[T]],$AP$2:$AP$1203))} -> 0.40305062 | DG2: =Tabela2[[#This Row],[DPCGC]]/Tabela2[[#This Row],[CUSTGC]] -> 0.84187173 | DH2: =Tabela2[[#This Row],[DPCGV]]/Tabela2[[#This Row],[CUSTGV]] -> 0.82787037 | DI2: =Tabela2[[#This Row],[T]] -> Athletico-PR | DJ2: =AR2*BY2 -> 4.9333333 | DK2: =AS2*BZ2 -> 3.0111111 | DL2: =Tabela2[[#This Row],[T]] -> Athletico-PR | DM2: =SUMIF($B$2:$B$1340,Tabela2[[#This Row],[T]],$R$2:$R$1240) -> 3.27 | DN2: =SUMIF($C$2:$C$1340,Tabela2[[#This Row],[T]],$S$2:$S$1240) -> -2.1 | DO2: =SUMIF($B$2:$B$1240,Tabela2[[#This Row],[T]],$T$2:$T$1240) -> -6 | DP2: =SUMIF($C$2:$C$1240,Tabela2[[#This Row],[T]],$T$2:$T$1240) -> -2.7
A3: 46050 | B3: Coritiba | C3: Bragantino | D3: 0 | E3: 1 | F3: A | G3: 2.7 | H3: 2.82 | I3: 2.82 | J3: =IF(A3="","",IF(F3="H",3,IF(F3="D",1,0))) -> 0 | K3: =IF(A3="","",IF(F3="H",0,IF(F3="D",1,3))) -> 3 | L3: =IF(A3="","",D3/I3) -> 0 | M3: =IF(A3="","",E3/G3) -> 0.37037037 | N3: =IF(A3="","",Tabela1[[#This Row],[PTC]]*Tabela1[[#This Row],[ODDC]]) -> 0 | O3: =IF(A3="","",Tabela1[[#This Row],[PTV]]*Tabela1[[#This Row],[ODDV]]) -> 8.46 | P3: =IF(A3="","",D3-E3) -> -1 | Q3: =IF(A3="","",E3-D3) -> 1 | R3: =IF(A3="","",IF(F3="H",G3-1,-1)) -> -1 | S3: =IF(A3="","",IF(F3="A",I3-1,-1)) -> 1.82 | T3: =IF(A3="","",IF(F3="D",Tabela1[[#This Row],[ODDE]]-1,-1)) -> -1 | U3: =IF(A3="","",IF(AND(Tabela1[[#This Row],[FTHG]]>3,F3="H"),1,0)) -> 0 | V3: =IF(A3="","",IF(AND(Tabela1[[#This Row],[FTAG]]>3,F3="A"),1,0)) -> 0 | W3: =IF(A3="","",IF(D3+E3>0,1,0)) -> 1 | X3: =IF(A3="","",IF(D3+E3>1,1,0)) -> 0 | Y3: =IF(A3="","",IF(D3+E3>2,1,0)) -> 0 | Z3: =IF(A3="","",IF(D3+E3>3,1,0)) -> 0 | AA3: =IF(A3="","",IF(D3+E3>4,1,0)) -> 0 | AB3: =IF(A3="","",IF(D3+E3>5,1,0)) -> 0 | AC3: =IF(A3="","",IFERROR(IF(AND(D3>0,E3>0),1,0),0)) -> 0 | AD3: =IF(A3="","",UPPER(TEXT(A3,"MMM"))) -> JAN | AE3: =IF(A3="","",COUNT($N$2:N3)) -> 2 | AF3: =IF(A3="","",IF(F3="H",1,0)) -> 0 | AG3: =IF(A3="","",IF(F3="D",1,0)) -> 0 | AH3: =IF(A3="","",IF(F3="A",1,0)) -> 1 | AI3: =IF(A3="","",IF(G3<1.21,"1,01-1,2",IF(G3<1.41,"1,21-1,4",IF(G3<1.71,"1,41-1,7",IF(G3<2.01,"1,71-2,0",IF(G3<2.41,"2,01-2,4",IF(G3<3.01,"2,41-3,0",IF(G3<4.01,"3,01-4.0",IF(G3<5.51,"4,01-5,5",IF(G3<9.01,"5,51-9,0",IF(G3<16.01,"9,01-16","Z16-99"))))))))))) -> 2,41-3,0 | AJ3: =IF(A3="","",IF(I3<1.21,"1,01-1,2",IF(I3<1.41,"1,21-1,4",IF(I3<1.71,"1,41-1,7",IF(I3<2.01,"1,71-2,0",IF(I3<2.41,"2,01-2,4",IF(I3<3.01,"2,41-3,0",IF(I3<4.01,"3,01-4.0",IF(I3<5.51,"4,01-5,5",IF(I3<9.01,"5,51-9,0",IF(I3<16.01,"9,01-16","Z16-99"))))))))))) -> 2,41-3,0 | AK3: =IF(A3="","",1/Tabela1[[#This Row],[ODDC]]) -> 0.37037037 | AL3: =IF(A3="","",1/Tabela1[[#This Row],[ODDE]]) -> 0.35460993 | AM3: =IF(A3="","",1/Tabela1[[#This Row],[ODDV]]) -> 0.35460993 | AN3: =IF(A3="","",1-(Tabela1[[#This Row],[p(H)]]+Tabela1[[#This Row],[p(D)]]+Tabela1[[#This Row],[p(A)]])) -> -0.079590229 | AO3: =IF(A3="","",IFERROR(Tabela1[[#This Row],[p(H)]]/Tabela1[[#This Row],[FTHG]],1)) -> 1 | AP3: =IF(A3="","",IFERROR(Tabela1[[#This Row],[p(A)]]/Tabela1[[#This Row],[FTAG]],1)) -> 0.35460993 | AQ3: Atletico-MG | AR3: =AVERAGEIF($B$2:$B$1203,Tabela2[[#This Row],[T]],$J$2:$J$1214) -> 2.2 | AS3: =AVERAGEIF($C$2:$C$1203,Tabela2[[#This Row],[T]],$K$2:$K$1214) -> 0.42857143 | AT3: {=_xlfn.STDEV.S(IF($B$2:$B$1203=Tabela2[[#This Row],[T]],$J$2:$J$1203))} -> 1.0954451 | AU3: {=_xlfn.STDEV.S(IF($C$2:$C$1203=Tabela2[[#This Row],[T]],$K$2:$K$1203))} -> 1.1338934 | AV3: =Tabela2[[#This Row],[DPMPTC]]/Tabela2[[#This Row],[MPTC]] -> 0.4979296 | AW3: =Tabela2[[#This Row],[DPMPTV]]/Tabela2[[#This Row],[MPTV]] -> 2.6457513 | AX3: =Tabela2[[#This Row],[T]] -> Atletico-MG | AY3: =AVERAGEIF($B$2:$B$1203,Tabela2[[#This Row],[T]],$U$2:$U$1194) -> 0 | AZ3: =AVERAGEIF($B$2:$B$1203,Tabela2[[#This Row],[T]],$V$2:$V$1194) -> 0 | BA3: =AVERAGEIF($C$2:$C$1203,Tabela2[[#This Row],[T1]],$V$2:$V$1194) -> 0.14285714 | BB3: =AVERAGEIF($C$2:$C$1203,Tabela2[[#This Row],[T]],$U$2:$U$1194) -> 0 | BC3: =Tabela2[[#This Row],[T]] -> Atletico-MG | BD3: =AVERAGEIF($B$2:$B$1203,Tabela2[[#This Row],[T]],$D$2:$D$1203) -> 1.8 | BE3: =AVERAGEIF($C$2:$C$1203,Tabela2[[#This Row],[T]],$E$2:$E$1203) -> 0.71428571 | BF3: {=_xlfn.STDEV.S(IF($B$2:$B$1203=Tabela2[[#This Row],[T]],$D$2:$D$1203))} -> 0.83666003 | BG3: {=_xlfn.STDEV.S(IF($C$2:$C$1203=Tabela2[[#This Row],[T]],$E$2:$E$1203))} -> 1.4960265 | BH3: =BF3/BD3 -> 0.46481113 | BI3: =BG3/BE3 -> 2.0944371 | BJ3: =Tabela2[[#This Row],[T]] -> Atletico-MG | BK3: =AVERAGEIF($B$2:$B$1203,Tabela2[[#This Row],[T]],$E$2:$E$1203) -> 1.2 | BL3: =AVERAGEIF($C$2:$C$1203,Tabela2[[#This Row],[T]],$D$2:$D$1203) -> 1.2857143 | BM3: {=_xlfn.STDEV.S(IF($B$2:$B$1203=Tabela2[[#This Row],[T]],$E$2:$E$1203))} -> 1.3038405 | BN3: {=_xlfn.STDEV.S(IF($C$2:$C$1203=Tabela2[[#This Row],[T]],$D$2:$D$1203))} -> 0.75592895 | BO3: =BM3/BK3 -> 1.0865337 | BP3: =BN3/BL3 -> 0.58794474 | BQ3: =Tabela2[[#This Row],[T]] -> Atletico-MG | BR3: =BD3/$BD$22 -> 1.120083 | BS3: =BE3/$BE$22 -> 0.68579266 | BT3: =BK3/$BK$22 -> 1.150291 | BU3: =BL3/$BL$22 -> 0.8085648 | BV3: =BR3-BT3 -> -0.030208027 | BW3: =BS3-BU3 -> -0.12277214 | BX3: =Tabela2[[#This Row],[T]] -> Atletico-MG | BY3: =AVERAGEIF($B$2:$B$1469,Tabela2[[#This Row],[T]],$G$2:$G$1214) -> 2.164 | BZ3: =AVERAGEIF($C$2:$C$1469,Tabela2[[#This Row],[T]],$I$2:$I$1214) -> 3.6785714 | CA3: {=_xlfn.STDEV.S(IF($B$2:$B$1469=Tabela2[[#This Row],[T]],$G$2:$G$1183))} -> 0.57308813 | CB3: {=_xlfn.STDEV.S(IF($C$2:$C1470=Tabela2[[#This Row],[T]],$I$2:$I$1183))} -> 1.158252 | CC3: =CA3/BY3 -> 0.26482815 | CD3: =CB3/BZ3 -> 0.31486461 | CE3: =Tabela2[[#This Row],[T]] -> Atletico-MG | CF3: =AVERAGEIF($B$2:$B$1469,Tabela2[[#This Row],[T]],$W$2:$W$1203) -> 1 | CG3: =AVERAGEIF($C$2:$C$1469,Tabela2[[#This Row],[T]],$W$2:$W$1203) -> 1 | CH3: =AVERAGEIF($B$2:$B$1469,Tabela2[[#This Row],[T]],$X$2:$X$1203) -> 0.6 | CI3: =AVERAGEIF($C$2:$C$1469,Tabela2[[#This Row],[T]],$X$2:$X$1183) -> 0.57142857 | CJ3: =AVERAGEIF($B$2:$B$1469,Tabela2[[#This Row],[T]],$Y$2:$Y$1203) -> 0.6 | CK3: =AVERAGEIF($C$2:$C$1469,Tabela2[[#This Row],[T]],$Y$2:$Y$1203) -> 0.28571429 | CL3: =AVERAGEIF($B$2:$B$1469,Tabela2[[#This Row],[T]],$Z$2:$Z$1203) -> 0.4 | CM3: =AVERAGEIF($C$2:$C$1469,Tabela2[[#This Row],[T]],$Z$2:$Z$1183) -> 0.14285714 | CN3: =AVERAGEIF($B$2:$B$1469,Tabela2[[#This Row],[T]],$AA$2:$AA$1203) -> 0.2 | CO3: =AVERAGEIF($C$2:$C$1469,Tabela2[[#This Row],[T]],$AA$2:$AA$1203) -> 0 | CP3: =AVERAGEIF($B$2:$B$1469,Tabela2[[#This Row],[T]],$AB$2:$AB$1203) -> 0.2 | CQ3: =AVERAGEIF($C$2:$C$1469,Tabela2[[#This Row],[T]],$AB$2:$AB$1183) -> 0 | CR3: =Tabela2[[#This Row],[T]] -> Atletico-MG | CS3: =AVERAGEIF($B$2:$B$1469,Tabela2[[#This Row],[T]],$AC$2:$AC$1240) -> 0.6 | CT3: =AVERAGEIF($C$2:$C$1469,Tabela2[[#This Row],[T]],$AC$2:$AC$1220) -> 0.14285714 | CU3: =Tabela2[[#This Row],[T]] -> Atletico-MG | CV3: =AVERAGEIF($B$2:$B$1240,Tabela2[[#This Row],[T]],$L$2:$L$1205) -> 0.4740897 | CW3: =AVERAGEIF($C$2:$C$1240,Tabela2[[#This Row],[T]],$M$2:$M$1205) -> 0.23609444 | CX3: {=_xlfn.STDEV.S(IF($B$2:$B$1203=Tabela2[[#This Row],[T]],$L$2:$L$1203))} -> 0.22530836 | CY3: {=_xlfn.STDEV.S(IF($C$2:$C$1203=Tabela2[[#This Row],[T]],$M$2:$M$1203))} -> 0.45104625 | CZ3: =Tabela2[[#This Row],[DPPGC]]/Tabela2[[#This Row],[PESOGC]] -> 0.47524415 | DA3: =Tabela2[[#This Row],[DPPGV]]/Tabela2[[#This Row],[PESOGV]] -> 1.9104484 | DB3: =Tabela2[[#This Row],[T]] -> Atletico-MG | DC3: =AVERAGEIF($B$2:$B$1240,Tabela2[[#This Row],[T]],$AO$2:$AO$1205) -> 0.31469271 | DD3: =AVERAGEIF($C$2:$C$1240,Tabela2[[#This Row],[T]],$AP$2:$AP$1205) -> 0.77253629 | DE3: {=_xlfn.STDEV.S(IF($B$2:$B$1203=Tabela2[[#This Row],[T]],$AO$2:$AO$1203))} -> 0.14296174 | DF3: {=_xlfn.STDEV.S(IF($C$2:$C$1203=Tabela2[[#This Row],[T]],$AP$2:$AP$1203))} -> 0.39194647 | DG3: =Tabela2[[#This Row],[DPCGC]]/Tabela2[[#This Row],[CUSTGC]] -> 0.45428994 | DH3: =Tabela2[[#This Row],[DPCGV]]/Tabela2[[#This Row],[CUSTGV]] -> 0.50735024 | DI3: =Tabela2[[#This Row],[T]] -> Atletico-MG | DJ3: =AR3*BY3 -> 4.7608 | DK3: =AS3*BZ3 -> 1.5765306 | DL3: =Tabela2[[#This Row],[T]] -> Atletico-MG | DM3: =SUMIF($B$2:$B$1340,Tabela2[[#This Row],[T]],$R$2:$R$1240) -> 1.41 | DN3: =SUMIF($C$2:$C$1340,Tabela2[[#This Row],[T]],$S$2:$S$1240) -> -4.8 | DO3: =SUMIF($B$2:$B$1240,Tabela2[[#This Row],[T]],$T$2:$T$1240) -> 2.6 | DP3: =SUMIF($C$2:$C$1240,Tabela2[[#This Row],[T]],$T$2:$T$1240) -> -7
A4: 46050 | B4: Internacional | C4: Athletico-PR | D4: 0 | E4: 1 | F4: A | G4: 1.96 | H4: 3.25 | I4: 3.9 | J4: =IF(A4="","",IF(F4="H",3,IF(F4="D",1,0))) -> 0 | K4: =IF(A4="","",IF(F4="H",0,IF(F4="D",1,3))) -> 3 | L4: =IF(A4="","",D4/I4) -> 0 | M4: =IF(A4="","",E4/G4) -> 0.51020408 | N4: =IF(A4="","",Tabela1[[#This Row],[PTC]]*Tabela1[[#This Row],[ODDC]]) -> 0 | O4: =IF(A4="","",Tabela1[[#This Row],[PTV]]*Tabela1[[#This Row],[ODDV]]) -> 11.7 | P4: =IF(A4="","",D4-E4) -> -1 | Q4: =IF(A4="","",E4-D4) -> 1 | R4: =IF(A4="","",IF(F4="H",G4-1,-1)) -> -1 | S4: =IF(A4="","",IF(F4="A",I4-1,-1)) -> 2.9 | T4: =IF(A4="","",IF(F4="D",Tabela1[[#This Row],[ODDE]]-1,-1)) -> -1 | U4: =IF(A4="","",IF(AND(Tabela1[[#This Row],[FTHG]]>3,F4="H"),1,0)) -> 0 | V4: =IF(A4="","",IF(AND(Tabela1[[#This Row],[FTAG]]>3,F4="A"),1,0)) -> 0 | W4: =IF(A4="","",IF(D4+E4>0,1,0)) -> 1 | X4: =IF(A4="","",IF(D4+E4>1,1,0)) -> 0 | Y4: =IF(A4="","",IF(D4+E4>2,1,0)) -> 0 | Z4: =IF(A4="","",IF(D4+E4>3,1,0)) -> 0 | AA4: =IF(A4="","",IF(D4+E4>4,1,0)) -> 0 | AB4: =IF(A4="","",IF(D4+E4>5,1,0)) -> 0 | AC4: =IF(A4="","",IFERROR(IF(AND(D4>0,E4>0),1,0),0)) -> 0 | AD4: =IF(A4="","",UPPER(TEXT(A4,"MMM"))) -> JAN | AE4: =IF(A4="","",COUNT($N$2:N4)) -> 3 | AF4: =IF(A4="","",IF(F4="H",1,0)) -> 0 | AG4: =IF(A4="","",IF(F4="D",1,0)) -> 0 | AH4: =IF(A4="","",IF(F4="A",1,0)) -> 1 | AI4: =IF(A4="","",IF(G4<1.21,"1,01-1,2",IF(G4<1.41,"1,21-1,4",IF(G4<1.71,"1,41-1,7",IF(G4<2.01,"1,71-2,0",IF(G4<2.41,"2,01-2,4",IF(G4<3.01,"2,41-3,0",IF(G4<4.01,"3,01-4.0",IF(G4<5.51,"4,01-5,5",IF(G4<9.01,"5,51-9,0",IF(G4<16.01,"9,01-16","Z16-99"))))))))))) -> 1,71-2,0 | AJ4: =IF(A4="","",IF(I4<1.21,"1,01-1,2",IF(I4<1.41,"1,21-1,4",IF(I4<1.71,"1,41-1,7",IF(I4<2.01,"1,71-2,0",IF(I4<2.41,"2,01-2,4",IF(I4<3.01,"2,41-3,0",IF(I4<4.01,"3,01-4.0",IF(I4<5.51,"4,01-5,5",IF(I4<9.01,"5,51-9,0",IF(I4<16.01,"9,01-16","Z16-99"))))))))))) -> 3,01-4.0 | AK4: =IF(A4="","",1/Tabela1[[#This Row],[ODDC]]) -> 0.51020408 | AL4: =IF(A4="","",1/Tabela1[[#This Row],[ODDE]]) -> 0.30769231 | AM4: =IF(A4="","",1/Tabela1[[#This Row],[ODDV]]) -> 0.25641026 | AN4: =IF(A4="","",1-(Tabela1[[#This Row],[p(H)]]+Tabela1[[#This Row],[p(D)]]+Tabela1[[#This Row],[p(A)]])) -> -0.074306646 | AO4: =IF(A4="","",IFERROR(Tabela1[[#This Row],[p(H)]]/Tabela1[[#This Row],[FTHG]],1)) -> 1 | AP4: =IF(A4="","",IFERROR(Tabela1[[#This Row],[p(A)]]/Tabela1[[#This Row],[FTAG]],1)) -> 0.25641026 | AQ4: Bahia | AR4: =AVERAGEIF($B$2:$B$1203,Tabela2[[#This Row],[T]],$J$2:$J$1214) -> 1.6 | AS4: =AVERAGEIF($C$2:$C$1203,Tabela2[[#This Row],[T]],$K$2:$K$1214) -> 2 | AT4: {=_xlfn.STDEV.S(IF($B$2:$B$1203=Tabela2[[#This Row],[T]],$J$2:$J$1203))} -> 1.3416408 | AU4: {=_xlfn.STDEV.S(IF($C$2:$C$1203=Tabela2[[#This Row],[T]],$K$2:$K$1203))} -> 1.5491933 | AV4: =Tabela2[[#This Row],[DPMPTC]]/Tabela2[[#This Row],[MPTC]] -> 0.83852549 | AW4: =Tabela2[[#This Row],[DPMPTV]]/Tabela2[[#This Row],[MPTV]] -> 0.77459667 | AX4: =Tabela2[[#This Row],[T]] -> Bahia | AY4: =AVERAGEIF($B$2:$B$1203,Tabela2[[#This Row],[T]],$U$2:$U$1194) -> 0 | AZ4: =AVERAGEIF($B$2:$B$1203,Tabela2[[#This Row],[T]],$V$2:$V$1194) -> 0 | BA4: =AVERAGEIF($C$2:$C$1203,Tabela2[[#This Row],[T1]],$V$2:$V$1194) -> 0 | BB4: =AVERAGEIF($C$2:$C$1203,Tabela2[[#This Row],[T]],$U$2:$U$1194) -> 0.16666667 | BC4: =Tabela2[[#This Row],[T]] -> Bahia | BD4: =AVERAGEIF($B$2:$B$1203,Tabela2[[#This Row],[T]],$D$2:$D$1203) -> 1.6 | BE4: =AVERAGEIF($C$2:$C$1203,Tabela2[[#This Row],[T]],$E$2:$E$1203) -> 1.1666667 | BF4: {=_xlfn.STDEV.S(IF($B$2:$B$1203=Tabela2[[#This Row],[T]],$D$2:$D$1203))} -> 0.89442719 | BG4: {=_xlfn.STDEV.S(IF($C$2:$C$1203=Tabela2[[#This Row],[T]],$E$2:$E$1203))} -> 0.75277265 | BH4: =BF4/BD4 -> 0.55901699 | BI4: =IFERROR(BG4/BE4,0) -> 0.6452337 | BJ4: =Tabela2[[#This Row],[T]] -> Bahia | BK4: =AVERAGEIF($B$2:$B$1203,Tabela2[[#This Row],[T]],$E$2:$E$1203) -> 0.8 | BL4: =AVERAGEIF($C$2:$C$1203,Tabela2[[#This Row],[T]],$D$2:$D$1203) -> 1.3333333 | BM4: {=_xlfn.STDEV.S(IF($B$2:$B$1203=Tabela2[[#This Row],[T]],$E$2:$E$1203))} -> 0.83666003 | BN4: {=_xlfn.STDEV.S(IF($C$2:$C$1203=Tabela2[[#This Row],[T]],$D$2:$D$1203))} -> 1.5055453 | BO4: =BM4/BK4 -> 1.045825 | BP4: =BN4/BL4 -> 1.129159 | BQ4: =Tabela2[[#This Row],[T]] -> Bahia | BR4: =BD4/$BD$22 -> 0.99562931 | BS4: =BE4/$BE$22 -> 1.120128 | BT4: =BK4/$BK$22 -> 0.76686066 | BU4: =BL4/$BL$22 -> 0.83851164 | BV4: =BR4-BT4 -> 0.22876864 | BW4: =BS4-BU4 -> 0.28161637 | BX4: =Tabela2[[#This Row],[T]] -> Bahia | BY4: =AVERAGEIF($B$2:$B$1469,Tabela2[[#This Row],[T]],$G$2:$G$1214) -> 1.908 | BZ4: =AVERAGEIF($C$2:$C$1469,Tabela2[[#This Row],[T]],$I$2:$I$1214) -> 3.8133333 | CA4: {=_xlfn.STDEV.S(IF($B$2:$B$1469=Tabela2[[#This Row],[T]],$G$2:$G$1183))} -> 0.36162135 | CB4: {=_xlfn.STDEV.S(IF($C$2:$C1471=Tabela2[[#This Row],[T]],$I$2:$I$1183))} -> 1.4616657 | CC4: =CA4/BY4 -> 0.18952901 | CD4: =CB4/BZ4 -> 0.38330395 | CE4: =Tabela2[[#This Row],[T]] -> Bahia | CF4: =AVERAGEIF($B$2:$B$1469,Tabela2[[#This Row],[T]],$W$2:$W$1203) -> 1 | CG4: =AVERAGEIF($C$2:$C$1469,Tabela2[[#This Row],[T]],$W$2:$W$1203) -> 1 | CH4: =AVERAGEIF($B$2:$B$1469,Tabela2[[#This Row],[T]],$X$2:$X$1203) -> 1 | CI4: =AVERAGEIF($C$2:$C$1469,Tabela2[[#This Row],[T]],$X$2:$X$1183) -> 0.66666667 | CJ4: =AVERAGEIF($B$2:$B$1469,Tabela2[[#This Row],[T]],$Y$2:$Y$1203) -> 0.4 | CK4: =AVERAGEIF($C$2:$C$1469,Tabela2[[#This Row],[T]],$Y$2:$Y$1203) -> 0.5 | CL4: =AVERAGEIF($B$2:$B$1469,Tabela2[[#This Row],[T]],$Z$2:$Z$1203) -> 0 | CM4: =AVERAGEIF($C$2:$C$1469,Tabela2[[#This Row],[T]],$Z$2:$Z$1183) -> 0.16666667 | CN4: =AVERAGEIF($B$2:$B$1469,Tabela2[[#This Row],[T]],$AA$2:$AA$1203) -> 0 | CO4: =AVERAGEIF($C$2:$C$1469,Tabela2[[#This Row],[T]],$AA$2:$AA$1203) -> 0.16666667 | CP4: =AVERAGEIF($B$2:$B$1469,Tabela2[[#This Row],[T]],$AB$2:$AB$1203) -> 0 | CQ4: =AVERAGEIF($C$2:$C$1469,Tabela2[[#This Row],[T]],$AB$2:$AB$1183) -> 0 | CR4: =Tabela2[[#This Row],[T]] -> Bahia | CS4: =AVERAGEIF($B$2:$B$1469,Tabela2[[#This Row],[T]],$AC$2:$AC$1240) -> 0.6 | CT4: =AVERAGEIF($C$2:$C$1469,Tabela2[[#This Row],[T]],$AC$2:$AC$1220) -> 0.5 | CU4: =Tabela2[[#This Row],[T]] -> Bahia | CV4: =AVERAGEIF($B$2:$B$1240,Tabela2[[#This Row],[T]],$L$2:$L$1205) -> 0.3663325 | CW4: =AVERAGEIF($C$2:$C$1240,Tabela2[[#This Row],[T]],$M$2:$M$1205) -> 0.53256401 | CX4: {=_xlfn.STDEV.S(IF($B$2:$B$1203=Tabela2[[#This Row],[T]],$L$2:$L$1203))} -> 0.16551108 | CY4: {=_xlfn.STDEV.S(IF($C$2:$C$1203=Tabela2[[#This Row],[T]],$M$2:$M$1203))} -> 0.35512972 | CZ4: =Tabela2[[#This Row],[DPPGC]]/Tabela2[[#This Row],[PESOGC]] -> 0.45180561 | DA4: =Tabela2[[#This Row],[DPPGV]]/Tabela2[[#This Row],[PESOGV]] -> 0.66683011 | DB4: =Tabela2[[#This Row],[T]] -> Bahia | DC4: =AVERAGEIF($B$2:$B$1240,Tabela2[[#This Row],[T]],$AO$2:$AO$1205) -> 0.39921173 | DD4: =AVERAGEIF($C$2:$C$1240,Tabela2[[#This Row],[T]],$AP$2:$AP$1205) -> 0.38039471 | DE4: {=_xlfn.STDEV.S(IF($B$2:$B$1203=Tabela2[[#This Row],[T]],$AO$2:$AO$1203))} -> 0.15991302 | DF4: {=_xlfn.STDEV.S(IF($C$2:$C$1203=Tabela2[[#This Row],[T]],$AP$2:$AP$1203))} -> 0.32134458 | DG4: =Tabela2[[#This Row],[DPCGC]]/Tabela2[[#This Row],[CUSTGC]] -> 0.40057194 | DH4: =Tabela2[[#This Row],[DPCGV]]/Tabela2[[#This Row],[CUSTGV]] -> 0.84476616 | DI4: =Tabela2[[#This Row],[T]] -> Bahia | DJ4: =AR4*BY4 -> 3.0528 | DK4: =AS4*BZ4 -> 7.6266667 | DL4: =Tabela2[[#This Row],[T]] -> Bahia | DM4: =SUMIF($B$2:$B$1340,Tabela2[[#This Row],[T]],$R$2:$R$1240) -> -1.63 | DN4: =SUMIF($C$2:$C$1340,Tabela2[[#This Row],[T]],$S$2:$S$1240) -> 8.03 | DO4: =SUMIF($B$2:$B$1240,Tabela2[[#This Row],[T]],$T$2:$T$1240) -> 1.9 | DP4: =SUMIF($C$2:$C$1240,Tabela2[[#This Row],[T]],$T$2:$T$1240) -> -6
A5: 46050 | B5: Vitoria | C5: Remo | D5: 2 | E5: 0 | F5: H | G5: 1.79 | H5: 3.4 | I5: 4.75 | J5: =IF(A5="","",IF(F5="H",3,IF(F5="D",1,0))) -> 3 | K5: =IF(A5="","",IF(F5="H",0,IF(F5="D",1,3))) -> 0 | L5: =IF(A5="","",D5/I5) -> 0.42105263 | M5: =IF(A5="","",E5/G5) -> 0 | N5: =IF(A5="","",Tabela1[[#This Row],[PTC]]*Tabela1[[#This Row],[ODDC]]) -> 5.37 | O5: =IF(A5="","",Tabela1[[#This Row],[PTV]]*Tabela1[[#This Row],[ODDV]]) -> 0 | P5: =IF(A5="","",D5-E5) -> 2 | Q5: =IF(A5="","",E5-D5) -> -2 | R5: =IF(A5="","",IF(F5="H",G5-1,-1)) -> 0.79 | S5: =IF(A5="","",IF(F5="A",I5-1,-1)) -> -1 | T5: =IF(A5="","",IF(F5="D",Tabela1[[#This Row],[ODDE]]-1,-1)) -> -1 | U5: =IF(A5="","",IF(AND(Tabela1[[#This Row],[FTHG]]>3,F5="H"),1,0)) -> 0 | V5: =IF(A5="","",IF(AND(Tabela1[[#This Row],[FTAG]]>3,F5="A"),1,0)) -> 0 | W5: =IF(A5="","",IF(D5+E5>0,1,0)) -> 1 | X5: =IF(A5="","",IF(D5+E5>1,1,0)) -> 1 | Y5: =IF(A5="","",IF(D5+E5>2,1,0)) -> 0 | Z5: =IF(A5="","",IF(D5+E5>3,1,0)) -> 0 | AA5: =IF(A5="","",IF(D5+E5>4,1,0)) -> 0 | AB5: =IF(A5="","",IF(D5+E5>5,1,0)) -> 0 | AC5: =IF(A5="","",IFERROR(IF(AND(D5>0,E5>0),1,0),0)) -> 0 | AD5: =IF(A5="","",UPPER(TEXT(A5,"MMM"))) -> JAN | AE5: =IF(A5="","",COUNT($N$2:N5)) -> 4 | AF5: =IF(A5="","",IF(F5="H",1,0)) -> 1 | AG5: =IF(A5="","",IF(F5="D",1,0)) -> 0 | AH5: =IF(A5="","",IF(F5="A",1,0)) -> 0 | AI5: =IF(A5="","",IF(G5<1.21,"1,01-1,2",IF(G5<1.41,"1,21-1,4",IF(G5<1.71,"1,41-1,7",IF(G5<2.01,"1,71-2,0",IF(G5<2.41,"2,01-2,4",IF(G5<3.01,"2,41-3,0",IF(G5<4.01,"3,01-4.0",IF(G5<5.51,"4,01-5,5",IF(G5<9.01,"5,51-9,0",IF(G5<16.01,"9,01-16","Z16-99"))))))))))) -> 1,71-2,0 | AJ5: =IF(A5="","",IF(I5<1.21,"1,01-1,2",IF(I5<1.41,"1,21-1,4",IF(I5<1.71,"1,41-1,7",IF(I5<2.01,"1,71-2,0",IF(I5<2.41,"2,01-2,4",IF(I5<3.01,"2,41-3,0",IF(I5<4.01,"3,01-4.0",IF(I5<5.51,"4,01-5,5",IF(I5<9.01,"5,51-9,0",IF(I5<16.01,"9,01-16","Z16-99"))))))))))) -> 4,01-5,5 | AK5: =IF(A5="","",1/Tabela1[[#This Row],[ODDC]]) -> 0.55865922 | AL5: =IF(A5="","",1/Tabela1[[#This Row],[ODDE]]) -> 0.29411765 | AM5: =IF(A5="","",1/Tabela1[[#This Row],[ODDV]]) -> 0.21052632 | AN5: =IF(A5="","",1-(Tabela1[[#This Row],[p(H)]]+Tabela1[[#This Row],[p(D)]]+Tabela1[[#This Row],[p(A)]])) -> -0.063303181 | AO5: =IF(A5="","",IFERROR(Tabela1[[#This Row],[p(H)]]/Tabela1[[#This Row],[FTHG]],1)) -> 0.27932961 | AP5: =IF(A5="","",IFERROR(Tabela1[[#This Row],[p(A)]]/Tabela1[[#This Row],[FTAG]],1)) -> 1 | AQ5: Botafogo RJ | AR5: =AVERAGEIF($B$2:$B$1203,Tabela2[[#This Row],[T]],$J$2:$J$1214) -> 1.75 | AS5: =AVERAGEIF($C$2:$C$1203,Tabela2[[#This Row],[T]],$K$2:$K$1214) -> 1.2857143 | AT5: {=_xlfn.STDEV.S(IF($B$2:$B$1203=Tabela2[[#This Row],[T]],$J$2:$J$1203))} -> 1.5 | AU5: {=_xlfn.STDEV.S(IF($C$2:$C$1203=Tabela2[[#This Row],[T]],$K$2:$K$1203))} -> 1.6035675 | AV5: =Tabela2[[#This Row],[DPMPTC]]/Tabela2[[#This Row],[MPTC]] -> 0.85714286 | AW5: =Tabela2[[#This Row],[DPMPTV]]/Tabela2[[#This Row],[MPTV]] -> 1.2472191 | AX5: =Tabela2[[#This Row],[T]] -> Botafogo RJ | AY5: =AVERAGEIF($B$2:$B$1203,Tabela2[[#This Row],[T]],$U$2:$U$1194) -> 0.25 | AZ5: =AVERAGEIF($B$2:$B$1203,Tabela2[[#This Row],[T]],$V$2:$V$1194) -> 0 | BA5: =AVERAGEIF($C$2:$C$1203,Tabela2[[#This Row],[T1]],$V$2:$V$1194) -> 0.14285714 | BB5: =AVERAGEIF($C$2:$C$1203,Tabela2[[#This Row],[T]],$U$2:$U$1194) -> 0.28571429 | BC5: =Tabela2[[#This Row],[T]] -> Botafogo RJ | BD5: =AVERAGEIF($B$2:$B$1203,Tabela2[[#This Row],[T]],$D$2:$D$1203) -> 2.25 | BE5: =AVERAGEIF($C$2:$C$1203,Tabela2[[#This Row],[T]],$E$2:$E$1203) -> 1.8571429 | BF5: {=_xlfn.STDEV.S(IF($B$2:$B$1203=Tabela2[[#This Row],[T]],$D$2:$D$1203))} -> 1.7078251 | BG5: {=_xlfn.STDEV.S(IF($C$2:$C$1203=Tabela2[[#This Row],[T]],$E$2:$E$1203))} -> 1.3451854 | BH5: =BF5/BD5 -> 0.75903339 | BI5: =BG5/BE5 -> 0.72433061 | BJ5: =Tabela2[[#This Row],[T]] -> Botafogo RJ | BK5: =AVERAGEIF($B$2:$B$1203,Tabela2[[#This Row],[T]],$E$2:$E$1203) -> 1.75 | BL5: =AVERAGEIF($C$2:$C$1203,Tabela2[[#This Row],[T]],$D$2:$D$1203) -> 2.1428571 | BM5: {=_xlfn.STDEV.S(IF($B$2:$B$1203=Tabela2[[#This Row],[T]],$E$2:$E$1203))} -> 1.2583057 | BN5: {=_xlfn.STDEV.S(IF($C$2:$C$1203=Tabela2[[#This Row],[T]],$D$2:$D$1203))} -> 1.6761634 | BO5: =BM5/BK5 -> 0.71903185 | BP5: =BN5/BL5 -> 0.7822096 | BQ5: =Tabela2[[#This Row],[T]] -> Botafogo RJ | BR5: =BD5/$BD$22 -> 1.4001037 | BS5: =BE5/$BE$22 -> 1.7830609 | BT5: =BK5/$BK$22 -> 1.6775077 | BU5: =BL5/$BL$22 -> 1.347608 | BV5: =BR5-BT5 -> -0.27740399 | BW5: =BS5-BU5 -> 0.43545293 | BX5: =Tabela2[[#This Row],[T]] -> Botafogo RJ | BY5: =AVERAGEIF($B$2:$B$1469,Tabela2[[#This Row],[T]],$G$2:$G$1214) -> 2.645 | BZ5: =AVERAGEIF($C$2:$C$1469,Tabela2[[#This Row],[T]],$I$2:$I$1214) -> 4.1728571 | CA5: {=_xlfn.STDEV.S(IF($B$2:$B$1469=Tabela2[[#This Row],[T]],$G$2:$G$1183))} -> 0.99295854 | CB5: {=_xlfn.STDEV.S(IF($C$2:$C1472=Tabela2[[#This Row],[T]],$I$2:$I$1183))} -> 1.3949279 | CC5: =CA5/BY5 -> 0.37540966 | CD5: =CB5/BZ5 -> 0.33428604 | CE5: =Tabela2[[#This Row],[T]] -> Botafogo RJ | CF5: =AVERAGEIF($B$2:$B$1469,Tabela2[[#This Row],[T]],$W$2:$W$1203) -> 1 | CG5: =AVERAGEIF($C$2:$C$1469,Tabela2[[#This Row],[T]],$W$2:$W$1203) -> 1 | CH5: =AVERAGEIF($B$2:$B$1469,Tabela2[[#This Row],[T]],$X$2:$X$1203) -> 1 | CI5: =AVERAGEIF($C$2:$C$1469,Tabela2[[#This Row],[T]],$X$2:$X$1183) -> 0.85714286 | CJ5: =AVERAGEIF($B$2:$B$1469,Tabela2[[#This Row],[T]],$Y$2:$Y$1203) -> 1 | CK5: =AVERAGEIF($C$2:$C$1469,Tabela2[[#This Row],[T]],$Y$2:$Y$1203) -> 0.85714286 | CL5: =AVERAGEIF($B$2:$B$1469,Tabela2[[#This Row],[T]],$Z$2:$Z$1203) -> 0.75 | CM5: =AVERAGEIF($C$2:$C$1469,Tabela2[[#This Row],[T]],$Z$2:$Z$1183) -> 0.42857143 | CN5: =AVERAGEIF($B$2:$B$1469,Tabela2[[#This Row],[T]],$AA$2:$AA$1203) -> 0.25 | CO5: =AVERAGEIF($C$2:$C$1469,Tabela2[[#This Row],[T]],$AA$2:$AA$1203) -> 0.42857143 | CP5: =AVERAGEIF($B$2:$B$1469,Tabela2[[#This Row],[T]],$AB$2:$AB$1203) -> 0 | CQ5: =AVERAGEIF($C$2:$C$1469,Tabela2[[#This Row],[T]],$AB$2:$AB$1183) -> 0.14285714 | CR5: =Tabela2[[#This Row],[T]] -> Botafogo RJ | CS5: =AVERAGEIF($B$2:$B$1469,Tabela2[[#This Row],[T]],$AC$2:$AC$1240) -> 0.5 | CT5: =AVERAGEIF($C$2:$C$1469,Tabela2[[#This Row],[T]],$AC$2:$AC$1220) -> 0.85714286 | CU5: =Tabela2[[#This Row],[T]] -> Botafogo RJ | CV5: =AVERAGEIF($B$2:$B$1240,Tabela2[[#This Row],[T]],$L$2:$L$1205) -> 0.66316527 | CW5: =AVERAGEIF($C$2:$C$1240,Tabela2[[#This Row],[T]],$M$2:$M$1205) -> 0.81337572 | CX5: {=_xlfn.STDEV.S(IF($B$2:$B$1203=Tabela2[[#This Row],[T]],$L$2:$L$1203))} -> 0.53281884 | CY5: {=_xlfn.STDEV.S(IF($C$2:$C$1203=Tabela2[[#This Row],[T]],$M$2:$M$1203))} -> 0.44802454 | CZ5: =Tabela2[[#This Row],[DPPGC]]/Tabela2[[#This Row],[PESOGC]] -> 0.80344804 | DA5: =Tabela2[[#This Row],[DPPGV]]/Tabela2[[#This Row],[PESOGV]] -> 0.55082114 | DB5: =Tabela2[[#This Row],[T]] -> Botafogo RJ | DC5: =AVERAGEIF($B$2:$B$1240,Tabela2[[#This Row],[T]],$AO$2:$AO$1205) -> 0.38029775 | DD5: =AVERAGEIF($C$2:$C$1240,Tabela2[[#This Row],[T]],$AP$2:$AP$1205) -> 0.26943544 | DE5: {=_xlfn.STDEV.S(IF($B$2:$B$1203=Tabela2[[#This Row],[T]],$AO$2:$AO$1203))} -> 0.41881393 | DF5: {=_xlfn.STDEV.S(IF($C$2:$C$1203=Tabela2[[#This Row],[T]],$AP$2:$AP$1203))} -> 0.32630668 | DG5: =Tabela2[[#This Row],[DPCGC]]/Tabela2[[#This Row],[CUSTGC]] -> 1.101279 | DH5: =Tabela2[[#This Row],[DPCGV]]/Tabela2[[#This Row],[CUSTGV]] -> 1.2110756 | DI5: =Tabela2[[#This Row],[T]] -> Botafogo RJ | DJ5: =AR5*BY5 -> 4.62875 | DK5: =AS5*BZ5 -> 5.365102 | DL5: =Tabela2[[#This Row],[T]] -> Botafogo RJ | DM5: =SUMIF($B$2:$B$1340,Tabela2[[#This Row],[T]],$R$2:$R$1240) -> 0.62 | DN5: =SUMIF($C$2:$C$1340,Tabela2[[#This Row],[T]],$S$2:$S$1240) -> 3.16 | DO5: =SUMIF($B$2:$B$1240,Tabela2[[#This Row],[T]],$T$2:$T$1240) -> -0.6 | DP5: =SUMIF($C$2:$C$1240,Tabela2[[#This Row],[T]],$T$2:$T$1240) -> -7
A6: 46050 | B6: Fluminense | C6: Gremio | D6: 2 | E6: 1 | F6: H | G6: 1.53 | H6: 4.1 | I6: 6 | J6: =IF(A6="","",IF(F6="H",3,IF(F6="D",1,0))) -> 3 | K6: =IF(A6="","",IF(F6="H",0,IF(F6="D",1,3))) -> 0 | L6: =IF(A6="","",D6/I6) -> 0.33333333 | M6: =IF(A6="","",E6/G6) -> 0.65359477 | N6: =IF(A6="","",Tabela1[[#This Row],[PTC]]*Tabela1[[#This Row],[ODDC]]) -> 4.59 | O6: =IF(A6="","",Tabela1[[#This Row],[PTV]]*Tabela1[[#This Row],[ODDV]]) -> 0 | P6: =IF(A6="","",D6-E6) -> 1 | Q6: =IF(A6="","",E6-D6) -> -1 | R6: =IF(A6="","",IF(F6="H",G6-1,-1)) -> 0.53 | S6: =IF(A6="","",IF(F6="A",I6-1,-1)) -> -1 | T6: =IF(A6="","",IF(F6="D",Tabela1[[#This Row],[ODDE]]-1,-1)) -> -1 | U6: =IF(A6="","",IF(AND(Tabela1[[#This Row],[FTHG]]>3,F6="H"),1,0)) -> 0 | V6: =IF(A6="","",IF(AND(Tabela1[[#This Row],[FTAG]]>3,F6="A"),1,0)) -> 0 | W6: =IF(A6="","",IF(D6+E6>0,1,0)) -> 1 | X6: =IF(A6="","",IF(D6+E6>1,1,0)) -> 1 | Y6: =IF(A6="","",IF(D6+E6>2,1,0)) -> 1 | Z6: =IF(A6="","",IF(D6+E6>3,1,0)) -> 0 | AA6: =IF(A6="","",IF(D6+E6>4,1,0)) -> 0 | AB6: =IF(A6="","",IF(D6+E6>5,1,0)) -> 0 | AC6: =IF(A6="","",IFERROR(IF(AND(D6>0,E6>0),1,0),0)) -> 1 | AD6: =IF(A6="","",UPPER(TEXT(A6,"MMM"))) -> JAN | AE6: =IF(A6="","",COUNT($N$2:N6)) -> 5 | AF6: =IF(A6="","",IF(F6="H",1,0)) -> 1 | AG6: =IF(A6="","",IF(F6="D",1,0)) -> 0 | AH6: =IF(A6="","",IF(F6="A",1,0)) -> 0 | AI6: =IF(A6="","",IF(G6<1.21,"1,01-1,2",IF(G6<1.41,"1,21-1,4",IF(G6<1.71,"1,41-1,7",IF(G6<2.01,"1,71-2,0",IF(G6<2.41,"2,01-2,4",IF(G6<3.01,"2,41-3,0",IF(G6<4.01,"3,01-4.0",IF(G6<5.51,"4,01-5,5",IF(G6<9.01,"5,51-9,0",IF(G6<16.01,"9,01-16","Z16-99"))))))))))) -> 1,41-1,7 | AJ6: =IF(A6="","",IF(I6<1.21,"1,01-1,2",IF(I6<1.41,"1,21-1,4",IF(I6<1.71,"1,41-1,7",IF(I6<2.01,"1,71-2,0",IF(I6<2.41,"2,01-2,4",IF(I6<3.01,"2,41-3,0",IF(I6<4.01,"3,01-4.0",IF(I6<5.51,"4,01-5,5",IF(I6<9.01,"5,51-9,0",IF(I6<16.01,"9,01-16","Z16-99"))))))))))) -> 5,51-9,0 | AK6: =IF(A6="","",1/Tabela1[[#This Row],[ODDC]]) -> 0.65359477 | AL6: =IF(A6="","",1/Tabela1[[#This Row],[ODDE]]) -> 0.24390244 | AM6: =IF(A6="","",1/Tabela1[[#This Row],[ODDV]]) -> 0.16666667 | AN6: =IF(A6="","",1-(Tabela1[[#This Row],[p(H)]]+Tabela1[[#This Row],[p(D)]]+Tabela1[[#This Row],[p(A)]])) -> -0.064163877 | AO6: =IF(A6="","",IFERROR(Tabela1[[#This Row],[p(H)]]/Tabela1[[#This Row],[FTHG]],1)) -> 0.32679739 | AP6: =IF(A6="","",IFERROR(Tabela1[[#This Row],[p(A)]]/Tabela1[[#This Row],[FTAG]],1)) -> 0.16666667 | AQ6: Bragantino | AR6: =AVERAGEIF($B$2:$B$1203,Tabela2[[#This Row],[T]],$J$2:$J$1214) -> 1.6666667 | AS6: =AVERAGEIF($C$2:$C$1203,Tabela2[[#This Row],[T]],$K$2:$K$1214) -> 1.1666667 | AT6: {=_xlfn.STDEV.S(IF($B$2:$B$1203=Tabela2[[#This Row],[T]],$J$2:$J$1203))} -> 1.5055453 | AU6: {=_xlfn.STDEV.S(IF($C$2:$C$1203=Tabela2[[#This Row],[T]],$K$2:$K$1203))} -> 1.4719601 | AV6: =Tabela2[[#This Row],[DPMPTC]]/Tabela2[[#This Row],[MPTC]] -> 0.90332718 | AW6: =Tabela2[[#This Row],[DPMPTV]]/Tabela2[[#This Row],[MPTV]] -> 1.2616801 | AX6: =Tabela2[[#This Row],[T]] -> Bragantino | AY6: =AVERAGEIF($B$2:$B$1203,Tabela2[[#This Row],[T]],$U$2:$U$1194) -> 0.16666667 | AZ6: =AVERAGEIF($B$2:$B$1203,Tabela2[[#This Row],[T]],$V$2:$V$1194) -> 0 | BA6: =AVERAGEIF($C$2:$C$1203,Tabela2[[#This Row],[T1]],$V$2:$V$1194) -> 0 | BB6: =AVERAGEIF($C$2:$C$1203,Tabela2[[#This Row],[T]],$U$2:$U$1194) -> 0 | BC6: =Tabela2[[#This Row],[T]] -> Bragantino | BD6: =AVERAGEIF($B$2:$B$1203,Tabela2[[#This Row],[T]],$D$2:$D$1203) -> 1.8333333 | BE6: =AVERAGEIF($C$2:$C$1203,Tabela2[[#This Row],[T]],$E$2:$E$1203) -> 0.66666667 | BF6: {=_xlfn.STDEV.S(IF($B$2:$B$1203=Tabela2[[#This Row],[T]],$D$2:$D$1203))} -> 1.3291601 | BG6: {=_xlfn.STDEV.S(IF($C$2:$C$1203=Tabela2[[#This Row],[T]],$E$2:$E$1203))} -> 0.51639778 | BH6: =BF6/BD6 -> 0.72499644 | BI6: =BG6/BE6 -> 0.77459667 | BJ6: =Tabela2[[#This Row],[T]] -> Bragantino | BK6: =AVERAGEIF($B$2:$B$1203,Tabela2[[#This Row],[T]],$E$2:$E$1203) -> 1.1666667 | BL6: =AVERAGEIF($C$2:$C$1203,Tabela2[[#This Row],[T]],$D$2:$D$1203) -> 1.1666667 | BM6: {=_xlfn.STDEV.S(IF($B$2:$B$1203=Tabela2[[#This Row],[T]],$E$2:$E$1203))} -> 0.98319208 | BN6: {=_xlfn.STDEV.S(IF($C$2:$C$1203=Tabela2[[#This Row],[T]],$D$2:$D$1203))} -> 0.98319208 | BO6: =BM6/BK6 -> 0.84273607 | BP6: =BN6/BL6 -> 0.84273607 | BQ6: =Tabela2[[#This Row],[T]] -> Bragantino | BR6: =BD6/$BD$22 -> 1.1408252 | BS6: =BE6/$BE$22 -> 0.64007315 | BT6: =BK6/$BK$22 -> 1.1183385 | BU6: =BL6/$BL$22 -> 0.73369769 | BV6: =BR6-BT6 -> 0.022486778 | BW6: =BS6-BU6 -> -0.093624535 | BX6: =Tabela2[[#This Row],[T]] -> Bragantino | BY6: =AVERAGEIF($B$2:$B$1469,Tabela2[[#This Row],[T]],$G$2:$G$1214) -> 2.2533333 | BZ6: =AVERAGEIF($C$2:$C$1469,Tabela2[[#This Row],[T]],$I$2:$I$1214) -> 3.92 | CA6: {=_xlfn.STDEV.S(IF($B$2:$B$1469=Tabela2[[#This Row],[T]],$G$2:$G$1183))} -> 0.80713485 | CB6: {=_xlfn.STDEV.S(IF($C$2:$C1473=Tabela2[[#This Row],[T]],$I$2:$I$1183))} -> 0.92617493 | CC6: =CA6/BY6 -> 0.35819594 | CD6: =CB6/BZ6 -> 0.23626911 | CE6: =Tabela2[[#This Row],[T]] -> Bragantino | CF6: =AVERAGEIF($B$2:$B$1469,Tabela2[[#This Row],[T]],$W$2:$W$1203) -> 1 | CG6: =AVERAGEIF($C$2:$C$1469,Tabela2[[#This Row],[T]],$W$2:$W$1203) -> 1 | CH6: =AVERAGEIF($B$2:$B$1469,Tabela2[[#This Row],[T]],$X$2:$X$1203) -> 0.83333333 | CI6: =AVERAGEIF($C$2:$C$1469,Tabela2[[#This Row],[T]],$X$2:$X$1183) -> 0.66666667 | CJ6: =AVERAGEIF($B$2:$B$1469,Tabela2[[#This Row],[T]],$Y$2:$Y$1203) -> 0.66666667 | CK6: =AVERAGEIF($C$2:$C$1469,Tabela2[[#This Row],[T]],$Y$2:$Y$1203) -> 0.16666667 | CL6: =AVERAGEIF($B$2:$B$1469,Tabela2[[#This Row],[T]],$Z$2:$Z$1203) -> 0.16666667 | CM6: =AVERAGEIF($C$2:$C$1469,Tabela2[[#This Row],[T]],$Z$2:$Z$1183) -> 0 | CN6: =AVERAGEIF($B$2:$B$1469,Tabela2[[#This Row],[T]],$AA$2:$AA$1203) -> 0.16666667 | CO6: =AVERAGEIF($C$2:$C$1469,Tabela2[[#This Row],[T]],$AA$2:$AA$1203) -> 0 | CP6: =AVERAGEIF($B$2:$B$1469,Tabela2[[#This Row],[T]],$AB$2:$AB$1203) -> 0.16666667 | CQ6: =AVERAGEIF($C$2:$C$1469,Tabela2[[#This Row],[T]],$AB$2:$AB$1183) -> 0 | CR6: =Tabela2[[#This Row],[T]] -> Bragantino | CS6: =AVERAGEIF($B$2:$B$1469,Tabela2[[#This Row],[T]],$AC$2:$AC$1240) -> 0.66666667 | CT6: =AVERAGEIF($C$2:$C$1469,Tabela2[[#This Row],[T]],$AC$2:$AC$1220) -> 0.33333333 | CU6: =Tabela2[[#This Row],[T]] -> Bragantino | CV6: =AVERAGEIF($B$2:$B$1240,Tabela2[[#This Row],[T]],$L$2:$L$1205) -> 0.52263412 | CW6: =AVERAGEIF($C$2:$C$1240,Tabela2[[#This Row],[T]],$M$2:$M$1205) -> 0.30364687 | CX6: {=_xlfn.STDEV.S(IF($B$2:$B$1203=Tabela2[[#This Row],[T]],$L$2:$L$1203))} -> 0.48249225 | CY6: {=_xlfn.STDEV.S(IF($C$2:$C$1203=Tabela2[[#This Row],[T]],$M$2:$M$1203))} -> 0.23973503 | CZ6: =Tabela2[[#This Row],[DPPGC]]/Tabela2[[#This Row],[PESOGC]] -> 0.92319317 | DA6: =Tabela2[[#This Row],[DPPGV]]/Tabela2[[#This Row],[PESOGV]] -> 0.78951918 | DB6: =Tabela2[[#This Row],[T]] -> Bragantino | DC6: =AVERAGEIF($B$2:$B$1240,Tabela2[[#This Row],[T]],$AO$2:$AO$1205) -> 0.36894929 | DD6: =AVERAGEIF($C$2:$C$1240,Tabela2[[#This Row],[T]],$AP$2:$AP$1205) -> 0.53354966 | DE6: {=_xlfn.STDEV.S(IF($B$2:$B$1203=Tabela2[[#This Row],[T]],$AO$2:$AO$1203))} -> 0.19197422 | DF6: {=_xlfn.STDEV.S(IF($C$2:$C$1203=Tabela2[[#This Row],[T]],$AP$2:$AP$1203))} -> 0.36283873 | DG6: =Tabela2[[#This Row],[DPCGC]]/Tabela2[[#This Row],[CUSTGC]] -> 0.52032686 | DH6: =Tabela2[[#This Row],[DPCGV]]/Tabela2[[#This Row],[CUSTGV]] -> 0.68004678 | DI6: =Tabela2[[#This Row],[T]] -> Bragantino | DJ6: =AR6*BY6 -> 3.7555556 | DK6: =AS6*BZ6 -> 4.5733333 | DL6: =Tabela2[[#This Row],[T]] -> Bragantino | DM6: =SUMIF($B$2:$B$1340,Tabela2[[#This Row],[T]],$R$2:$R$1240) -> 1.3 | DN6: =SUMIF($C$2:$C$1340,Tabela2[[#This Row],[T]],$S$2:$S$1240) -> 0.42 | DO6: =SUMIF($B$2:$B$1240,Tabela2[[#This Row],[T]],$T$2:$T$1240) -> -2.7 | DP6: =SUMIF($C$2:$C$1240,Tabela2[[#This Row],[T]],$T$2:$T$1240) -> -2.6
A7: 46050 | B7: Chapecoense-SC | C7: Santos | D7: 4 | E7: 2 | F7: H | G7: 3 | H7: 3.1 | I7: 2.5 | J7: =IF(A7="","",IF(F7="H",3,IF(F7="D",1,0))) -> 3 | K7: =IF(A7="","",IF(F7="H",0,IF(F7="D",1,3))) -> 0 | L7: =IF(A7="","",D7/I7) -> 1.6 | M7: =IF(A7="","",E7/G7) -> 0.66666667 | N7: =IF(A7="","",Tabela1[[#This Row],[PTC]]*Tabela1[[#This Row],[ODDC]]) -> 9 | O7: =IF(A7="","",Tabela1[[#This Row],[PTV]]*Tabela1[[#This Row],[ODDV]]) -> 0 | P7: =IF(A7="","",D7-E7) -> 2 | Q7: =IF(A7="","",E7-D7) -> -2 | R7: =IF(A7="","",IF(F7="H",G7-1,-1)) -> 2 | S7: =IF(A7="","",IF(F7="A",I7-1,-1)) -> -1 | T7: =IF(A7="","",IF(F7="D",Tabela1[[#This Row],[ODDE]]-1,-1)) -> -1 | U7: =IF(A7="","",IF(AND(Tabela1[[#This Row],[FTHG]]>3,F7="H"),1,0)) -> 1 | V7: =IF(A7="","",IF(AND(Tabela1[[#This Row],[FTAG]]>3,F7="A"),1,0)) -> 0 | W7: =IF(A7="","",IF(D7+E7>0,1,0)) -> 1 | X7: =IF(A7="","",IF(D7+E7>1,1,0)) -> 1 | Y7: =IF(A7="","",IF(D7+E7>2,1,0)) -> 1 | Z7: =IF(A7="","",IF(D7+E7>3,1,0)) -> 1 | AA7: =IF(A7="","",IF(D7+E7>4,1,0)) -> 1 | AB7: =IF(A7="","",IF(D7+E7>5,1,0)) -> 1 | AC7: =IF(A7="","",IFERROR(IF(AND(D7>0,E7>0),1,0),0)) -> 1 | AD7: =IF(A7="","",UPPER(TEXT(A7,"MMM"))) -> JAN | AE7: =IF(A7="","",COUNT($N$2:N7)) -> 6 | AF7: =IF(A7="","",IF(F7="H",1,0)) -> 1 | AG7: =IF(A7="","",IF(F7="D",1,0)) -> 0 | AH7: =IF(A7="","",IF(F7="A",1,0)) -> 0 | AI7: =IF(A7="","",IF(G7<1.21,"1,01-1,2",IF(G7<1.41,"1,21-1,4",IF(G7<1.71,"1,41-1,7",IF(G7<2.01,"1,71-2,0",IF(G7<2.41,"2,01-2,4",IF(G7<3.01,"2,41-3,0",IF(G7<4.01,"3,01-4.0",IF(G7<5.51,"4,01-5,5",IF(G7<9.01,"5,51-9,0",IF(G7<16.01,"9,01-16","Z16-99"))))))))))) -> 2,41-3,0 | AJ7: =IF(A7="","",IF(I7<1.21,"1,01-1,2",IF(I7<1.41,"1,21-1,4",IF(I7<1.71,"1,41-1,7",IF(I7<2.01,"1,71-2,0",IF(I7<2.41,"2,01-2,4",IF(I7<3.01,"2,41-3,0",IF(I7<4.01,"3,01-4.0",IF(I7<5.51,"4,01-5,5",IF(I7<9.01,"5,51-9,0",IF(I7<16.01,"9,01-16","Z16-99"))))))))))) -> 2,41-3,0 | AK7: =IF(A7="","",1/Tabela1[[#This Row],[ODDC]]) -> 0.33333333 | AL7: =IF(A7="","",1/Tabela1[[#This Row],[ODDE]]) -> 0.32258065 | AM7: =IF(A7="","",1/Tabela1[[#This Row],[ODDV]]) -> 0.4 | AN7: =IF(A7="","",1-(Tabela1[[#This Row],[p(H)]]+Tabela1[[#This Row],[p(D)]]+Tabela1[[#This Row],[p(A)]])) -> -0.055913978 | AO7: =IF(A7="","",IFERROR(Tabela1[[#This Row],[p(H)]]/Tabela1[[#This Row],[FTHG]],1)) -> 0.083333333 | AP7: =IF(A7="","",IFERROR(Tabela1[[#This Row],[p(A)]]/Tabela1[[#This Row],[FTAG]],1)) -> 0.2 | AQ7: Chapecoense-SC | AR7: =AVERAGEIF($B$2:$B$1203,Tabela2[[#This Row],[T]],$J$2:$J$1214) -> 1 | AS7: =AVERAGEIF($C$2:$C$1203,Tabela2[[#This Row],[T]],$K$2:$K$1214) -> 0.25 | AT7: {=_xlfn.STDEV.S(IF($B$2:$B$1203=Tabela2[[#This Row],[T]],$J$2:$J$1203))} -> 1 | AU7: {=_xlfn.STDEV.S(IF($C$2:$C$1203=Tabela2[[#This Row],[T]],$K$2:$K$1203))} -> 0.5 | AV7: =Tabela2[[#This Row],[DPMPTC]]/Tabela2[[#This Row],[MPTC]] -> 1 | AW7: =Tabela2[[#This Row],[DPMPTV]]/Tabela2[[#This Row],[MPTV]] -> 2 | AX7: =Tabela2[[#This Row],[T]] -> Chapecoense-SC | AY7: =AVERAGEIF($B$2:$B$1203,Tabela2[[#This Row],[T]],$U$2:$U$1194) -> 0.14285714 | AZ7: =AVERAGEIF($B$2:$B$1203,Tabela2[[#This Row],[T]],$V$2:$V$1194) -> 0.28571429 | BA7: =AVERAGEIF($C$2:$C$1203,Tabela2[[#This Row],[T1]],$V$2:$V$1194) -> 0 | BB7: =AVERAGEIF($C$2:$C$1203,Tabela2[[#This Row],[T]],$U$2:$U$1194) -> 0 | BC7: =Tabela2[[#This Row],[T]] -> Chapecoense-SC | BD7: =AVERAGEIF($B$2:$B$1203,Tabela2[[#This Row],[T]],$D$2:$D$1203) -> 1.4285714 | BE7: =AVERAGEIF($C$2:$C$1203,Tabela2[[#This Row],[T]],$E$2:$E$1203) -> 0.25 | BF7: {=_xlfn.STDEV.S(IF($B$2:$B$1203=Tabela2[[#This Row],[T]],$D$2:$D$1203))} -> 1.5118579 | BG7: {=_xlfn.STDEV.S(IF($C$2:$C$1203=Tabela2[[#This Row],[T]],$E$2:$E$1203))} -> 0.5 | BH7: =BF7/BD7 -> 1.0583005 | BI7: =BG7/BE7 -> 2 | BJ7: =Tabela2[[#This Row],[T]] -> Chapecoense-SC | BK7: =AVERAGEIF($B$2:$B$1203,Tabela2[[#This Row],[T]],$E$2:$E$1203) -> 2.1428571 | BL7: =AVERAGEIF($C$2:$C$1203,Tabela2[[#This Row],[T]],$D$2:$D$1203) -> 1.75 | BM7: {=_xlfn.STDEV.S(IF($B$2:$B$1203=Tabela2[[#This Row],[T]],$E$2:$E$1203))} -> 1.5735916 | BN7: {=_xlfn.STDEV.S(IF($C$2:$C$1203=Tabela2[[#This Row],[T]],$D$2:$D$1203))} -> 0.5 | BO7: =IFERROR(BM7/BK7,0) -> 0.73434274 | BP7: =BN7/BL7 -> 0.28571429 | BQ7: =Tabela2[[#This Row],[T]] -> Chapecoense-SC | BR7: =BD7/$BD$22 -> 0.88895474 | BS7: =BE7/$BE$22 -> 0.24002743 | BT7: =BK7/$BK$22 -> 2.0540911 | BU7: =BL7/$BL$22 -> 1.1005465 | BV7: =BR7-BT7 -> -1.1651363 | BW7: =BS7-BU7 -> -0.8605191 | BX7: =Tabela2[[#This Row],[T]] -> Chapecoense-SC | BY7: =AVERAGEIF($B$2:$B$1469,Tabela2[[#This Row],[T]],$G$2:$G$1214) -> 3.0785714 | BZ7: =AVERAGEIF($C$2:$C$1469,Tabela2[[#This Row],[T]],$I$2:$I$1214) -> 6.6875 | CA7: {=_xlfn.STDEV.S(IF($B$2:$B$1469=Tabela2[[#This Row],[T]],$G$2:$G$1183))} -> 0.4338367 | CB7: {=_xlfn.STDEV.S(IF($C$2:$C1474=Tabela2[[#This Row],[T]],$I$2:$I$1183))} -> 0.9437293 | CC7: =CA7/BY7 -> 0.14092144 | CD7: =CB7/BZ7 -> 0.1411184 | CE7: =Tabela2[[#This Row],[T]] -> Chapecoense-SC | CF7: =AVERAGEIF($B$2:$B$1469,Tabela2[[#This Row],[T]],$W$2:$W$1203) -> 0.85714286 | CG7: =AVERAGEIF($C$2:$C$1469,Tabela2[[#This Row],[T]],$W$2:$W$1203) -> 1 | CH7: =AVERAGEIF($B$2:$B$1469,Tabela2[[#This Row],[T]],$X$2:$X$1203) -> 0.85714286 | CI7: =AVERAGEIF($C$2:$C$1469,Tabela2[[#This Row],[T]],$X$2:$X$1183) -> 1 | CJ7: =AVERAGEIF($B$2:$B$1469,Tabela2[[#This Row],[T]],$Y$2:$Y$1203) -> 0.57142857 | CK7: =AVERAGEIF($C$2:$C$1469,Tabela2[[#This Row],[T]],$Y$2:$Y$1203) -> 0 | CL7: =AVERAGEIF($B$2:$B$1469,Tabela2[[#This Row],[T]],$Z$2:$Z$1203) -> 0.57142857 | CM7: =AVERAGEIF($C$2:$C$1469,Tabela2[[#This Row],[T]],$Z$2:$Z$1183) -> 0 | CN7: =AVERAGEIF($B$2:$B$1469,Tabela2[[#This Row],[T]],$AA$2:$AA$1203) -> 0.42857143 | CO7: =AVERAGEIF($C$2:$C$1469,Tabela2[[#This Row],[T]],$AA$2:$AA$1203) -> 0 | CP7: =AVERAGEIF($B$2:$B$1469,Tabela2[[#This Row],[T]],$AB$2:$AB$1203) -> 0.28571429 | CQ7: =AVERAGEIF($C$2:$C$1469,Tabela2[[#This Row],[T]],$AB$2:$AB$1183) -> 0 | CR7: =Tabela2[[#This Row],[T]] -> Chapecoense-SC | CS7: =AVERAGEIF($B$2:$B$1469,Tabela2[[#This Row],[T]],$AC$2:$AC$1240) -> 0.71428571 | CT7: =AVERAGEIF($C$2:$C$1469,Tabela2[[#This Row],[T]],$AC$2:$AC$1220) -> 0.25 | CU7: =Tabela2[[#This Row],[T]] -> Chapecoense-SC | CV7: =AVERAGEIF($B$2:$B$1240,Tabela2[[#This Row],[T]],$L$2:$L$1205) -> 0.57724265 | CW7: =AVERAGEIF($C$2:$C$1240,Tabela2[[#This Row],[T]],$M$2:$M$1205) -> 0.16339869 | CX7: {=_xlfn.STDEV.S(IF($B$2:$B$1203=Tabela2[[#This Row],[T]],$L$2:$L$1203))} -> 0.59029751 | CY7: {=_xlfn.STDEV.S(IF($C$2:$C$1203=Tabela2[[#This Row],[T]],$M$2:$M$1203))} -> 0.32679739 | CZ7: =Tabela2[[#This Row],[DPPGC]]/Tabela2[[#This Row],[PESOGC]] -> 1.0226159 | DA7: =Tabela2[[#This Row],[DPPGV]]/Tabela2[[#This Row],[PESOGV]] -> 2 | DB7: =Tabela2[[#This Row],[T]] -> Chapecoense-SC | DC7: =AVERAGEIF($B$2:$B$1240,Tabela2[[#This Row],[T]],$AO$2:$AO$1205) -> 0.46113394 | DD7: =AVERAGEIF($C$2:$C$1240,Tabela2[[#This Row],[T]],$AP$2:$AP$1205) -> 0.79166667 | DE7: {=_xlfn.STDEV.S(IF($B$2:$B$1203=Tabela2[[#This Row],[T]],$AO$2:$AO$1203))} -> 0.38510502 | DF7: {=_xlfn.STDEV.S(IF($C$2:$C$1203=Tabela2[[#This Row],[T]],$AP$2:$AP$1203))} -> 0.41666667 | DG7: =Tabela2[[#This Row],[DPCGC]]/Tabela2[[#This Row],[CUSTGC]] -> 0.83512617 | DH7: =Tabela2[[#This Row],[DPCGV]]/Tabela2[[#This Row],[CUSTGV]] -> 0.52631579 | DI7: =Tabela2[[#This Row],[T]] -> Chapecoense-SC | DJ7: =AR7*BY7 -> 3.0785714 | DK7: =AS7*BZ7 -> 1.671875 | DL7: =Tabela2[[#This Row],[T]] -> Chapecoense-SC | DM7: =SUMIF($B$2:$B$1340,Tabela2[[#This Row],[T]],$R$2:$R$1240) -> -4 | DN7: =SUMIF($C$2:$C$1340,Tabela2[[#This Row],[T]],$S$2:$S$1240) -> -4 | DO7: =SUMIF($B$2:$B$1240,Tabela2[[#This Row],[T]],$T$2:$T$1240) -> 5.9 | DP7: =SUMIF($C$2:$C$1240,Tabela2[[#This Row],[T]],$T$2:$T$1240) -> -0.1
A8: 46050 | B8: Corinthians | C8: Bahia | D8: 1 | E8: 2 | F8: A | G8: 2.2 | H8: 3.5 | I8: 3.2 | J8: =IF(A8="","",IF(F8="H",3,IF(F8="D",1,0))) -> 0 | K8: =IF(A8="","",IF(F8="H",0,IF(F8="D",1,3))) -> 3 | L8: =IF(A8="","",D8/I8) -> 0.3125 | M8: =IF(A8="","",E8/G8) -> 0.90909091 | N8: =IF(A8="","",Tabela1[[#This Row],[PTC]]*Tabela1[[#This Row],[ODDC]]) -> 0 | O8: =IF(A8="","",Tabela1[[#This Row],[PTV]]*Tabela1[[#This Row],[ODDV]]) -> 9.6 | P8: =IF(A8="","",D8-E8) -> -1 | Q8: =IF(A8="","",E8-D8) -> 1 | R8: =IF(A8="","",IF(F8="H",G8-1,-1)) -> -1 | S8: =IF(A8="","",IF(F8="A",I8-1,-1)) -> 2.2 | T8: =IF(A8="","",IF(F8="D",Tabela1[[#This Row],[ODDE]]-1,-1)) -> -1 | U8: =IF(A8="","",IF(AND(Tabela1[[#This Row],[FTHG]]>3,F8="H"),1,0)) -> 0 | V8: =IF(A8="","",IF(AND(Tabela1[[#This Row],[FTAG]]>3,F8="A"),1,0)) -> 0 | W8: =IF(A8="","",IF(D8+E8>0,1,0)) -> 1 | X8: =IF(A8="","",IF(D8+E8>1,1,0)) -> 1 | Y8: =IF(A8="","",IF(D8+E8>2,1,0)) -> 1 | Z8: =IF(A8="","",IF(D8+E8>3,1,0)) -> 0 | AA8: =IF(A8="","",IF(D8+E8>4,1,0)) -> 0 | AB8: =IF(A8="","",IF(D8+E8>5,1,0)) -> 0 | AC8: =IF(A8="","",IFERROR(IF(AND(D8>0,E8>0),1,0),0)) -> 1 | AD8: =IF(A8="","",UPPER(TEXT(A8,"MMM"))) -> JAN | AE8: =IF(A8="","",COUNT($N$2:N8)) -> 7 | AF8: =IF(A8="","",IF(F8="H",1,0)) -> 0 | AG8: =IF(A8="","",IF(F8="D",1,0)) -> 0 | AH8: =IF(A8="","",IF(F8="A",1,0)) -> 1 | AI8: =IF(A8="","",IF(G8<1.21,"1,01-1,2",IF(G8<1.41,"1,21-1,4",IF(G8<1.71,"1,41-1,7",IF(G8<2.01,"1,71-2,0",IF(G8<2.41,"2,01-2,4",IF(G8<3.01,"2,41-3,0",IF(G8<4.01,"3,01-4.0",IF(G8<5.51,"4,01-5,5",IF(G8<9.01,"5,51-9,0",IF(G8<16.01,"9,01-16","Z16-99"))))))))))) -> 2,01-2,4 | AJ8: =IF(A8="","",IF(I8<1.21,"1,01-1,2",IF(I8<1.41,"1,21-1,4",IF(I8<1.71,"1,41-1,7",IF(I8<2.01,"1,71-2,0",IF(I8<2.41,"2,01-2,4",IF(I8<3.01,"2,41-3,0",IF(I8<4.01,"3,01-4.0",IF(I8<5.51,"4,01-5,5",IF(I8<9.01,"5,51-9,0",IF(I8<16.01,"9,01-16","Z16-99"))))))))))) -> 3,01-4.0 | AK8: =IF(A8="","",1/Tabela1[[#This Row],[ODDC]]) -> 0.45454545 | AL8: =IF(A8="","",1/Tabela1[[#This Row],[ODDE]]) -> 0.28571429 | AM8: =IF(A8="","",1/Tabela1[[#This Row],[ODDV]]) -> 0.3125 | AN8: =IF(A8="","",1-(Tabela1[[#This Row],[p(H)]]+Tabela1[[#This Row],[p(D)]]+Tabela1[[#This Row],[p(A)]])) -> -0.05275974 | AO8: =IF(A8="","",IFERROR(Tabela1[[#This Row],[p(H)]]/Tabela1[[#This Row],[FTHG]],1)) -> 0.45454545 | AP8: =IF(A8="","",IFERROR(Tabela1[[#This Row],[p(A)]]/Tabela1[[#This Row],[FTAG]],1)) -> 0.15625 | AQ8: Corinthians | AR8: =AVERAGEIF($B$2:$B$1203,Tabela2[[#This Row],[T]],$J$2:$J$1214) -> 0.83333333 | AS8: =AVERAGEIF($C$2:$C$1203,Tabela2[[#This Row],[T]],$K$2:$K$1214) -> 1.1666667 | AT8: {=_xlfn.STDEV.S(IF($B$2:$B$1203=Tabela2[[#This Row],[T]],$J$2:$J$1203))} -> 1.1690452 | AU8: {=_xlfn.STDEV.S(IF($C$2:$C$1203=Tabela2[[#This Row],[T]],$K$2:$K$1203))} -> 0.98319208 | AV8: =Tabela2[[#This Row],[DPMPTC]]/Tabela2[[#This Row],[MPTC]] -> 1.4028542 | AW8: =Tabela2[[#This Row],[DPMPTV]]/Tabela2[[#This Row],[MPTV]] -> 0.84273607 | AX8: =Tabela2[[#This Row],[T]] -> Corinthians | AY8: =AVERAGEIF($B$2:$B$1203,Tabela2[[#This Row],[T]],$U$2:$U$1194) -> 0 | AZ8: =AVERAGEIF($B$2:$B$1203,Tabela2[[#This Row],[T]],$V$2:$V$1194) -> 0 | BA8: =AVERAGEIF($C$2:$C$1203,Tabela2[[#This Row],[T1]],$V$2:$V$1194) -> 0 | BB8: =AVERAGEIF($C$2:$C$1203,Tabela2[[#This Row],[T]],$U$2:$U$1194) -> 0 | BC8: =Tabela2[[#This Row],[T]] -> Corinthians | BD8: =AVERAGEIF($B$2:$B$1203,Tabela2[[#This Row],[T]],$D$2:$D$1203) -> 0.66666667 | BE8: =AVERAGEIF($C$2:$C$1203,Tabela2[[#This Row],[T]],$E$2:$E$1203) -> 0.66666667 | BF8: =IFERROR(_xlfn.STDEV.S(IF($B$2:$B$1203=Tabela2[[#This Row],[T]],$D$2:$D$1203)),0) -> 1.1470821 | BG8: {=_xlfn.STDEV.S(IF($C$2:$C$1203=Tabela2[[#This Row],[T]],$E$2:$E$1203))} -> 0.51639778 | BH8: =BF8/BD8 -> 1.7206231 | BI8: =BG8/BE8 -> 0.77459667 | BJ8: =Tabela2[[#This Row],[T]] -> Corinthians | BK8: =AVERAGEIF($B$2:$B$1203,Tabela2[[#This Row],[T]],$E$2:$E$1203) -> 1 | BL8: =AVERAGEIF($C$2:$C$1203,Tabela2[[#This Row],[T]],$D$2:$D$1203) -> 0.83333333 | BM8: =IFERROR(_xlfn.STDEV.S(IF($B$2:$B$1203=Tabela2[[#This Row],[T]],$E$2:$E$1203)),0) -> 0.95453684 | BN8: {=_xlfn.STDEV.S(IF($C$2:$C$1203=Tabela2[[#This Row],[T]],$D$2:$D$1203))} -> 1.1690452 | BO8: =BM8/BK8 -> 0.95453684 | BP8: =BN8/BL8 -> 1.4028542 | BQ8: =Tabela2[[#This Row],[T]] -> Corinthians | BR8: =BD8/$BD$22 -> 0.41484554 | BS8: =BE8/$BE$22 -> 0.64007315 | BT8: =BK8/$BK$22 -> 0.95857583 | BU8: =BL8/$BL$22 -> 0.52406978 | BV8: =BR8-BT8 -> -0.54373029 | BW8: =BS8-BU8 -> 0.11600338 | BX8: =Tabela2[[#This Row],[T]] -> Corinthians | BY8: =AVERAGEIF($B$2:$B$1469,Tabela2[[#This Row],[T]],$G$2:$G$1214) -> 2.305 | BZ8: =AVERAGEIF($C$2:$C$1469,Tabela2[[#This Row],[T]],$I$2:$I$1214) -> 3.5583333 | CA8: {=_xlfn.STDEV.S(IF($B$2:$B$1469=Tabela2[[#This Row],[T]],$G$2:$G$1183))} -> 0.63849041 | CB8: {=_xlfn.STDEV.S(IF($C$2:$C1475=Tabela2[[#This Row],[T]],$I$2:$I$1183))} -> 1.2670504 | CC8: =CA8/BY8 -> 0.27700235 | CD8: =CB8/BZ8 -> 0.35607973 | CE8: =Tabela2[[#This Row],[T]] -> Corinthians | CF8: =AVERAGEIF($B$2:$B$1469,Tabela2[[#This Row],[T]],$W$2:$W$1203) -> 0.83333333 | CG8: =AVERAGEIF($C$2:$C$1469,Tabela2[[#This Row],[T]],$W$2:$W$1203) -> 0.66666667 | CH8: =AVERAGEIF($B$2:$B$1469,Tabela2[[#This Row],[T]],$X$2:$X$1203) -> 0.66666667 | CI8: =AVERAGEIF($C$2:$C$1469,Tabela2[[#This Row],[T]],$X$2:$X$1183) -> 0.5 | CJ8: =AVERAGEIF($B$2:$B$1469,Tabela2[[#This Row],[T]],$Y$2:$Y$1203) -> 0.16666667 | CK8: =AVERAGEIF($C$2:$C$1469,Tabela2[[#This Row],[T]],$Y$2:$Y$1203) -> 0.16666667 | CL8: =AVERAGEIF($B$2:$B$1469,Tabela2[[#This Row],[T]],$Z$2:$Z$1203) -> 0 | CM8: =AVERAGEIF($C$2:$C$1469,Tabela2[[#This Row],[T]],$Z$2:$Z$1183) -> 0.16666667 | CN8: =AVERAGEIF($B$2:$B$1469,Tabela2[[#This Row],[T]],$AA$2:$AA$1203) -> 0 | CO8: =AVERAGEIF($C$2:$C$1469,Tabela2[[#This Row],[T]],$AA$2:$AA$1203) -> 0 | CP8: =AVERAGEIF($B$2:$B$1469,Tabela2[[#This Row],[T]],$AB$2:$AB$1203) -> 0 | CQ8: =AVERAGEIF($C$2:$C$1469,Tabela2[[#This Row],[T]],$AB$2:$AB$1183) -> 0 | CR8: =Tabela2[[#This Row],[T]] -> Corinthians | CS8: =AVERAGEIF($B$2:$B$1469,Tabela2[[#This Row],[T]],$AC$2:$AC$1240) -> 0.33333333 | CT8: =AVERAGEIF($C$2:$C$1469,Tabela2[[#This Row],[T]],$AC$2:$AC$1220) -> 0.5 | CU8: =Tabela2[[#This Row],[T]] -> Corinthians | CV8: =AVERAGEIF($B$2:$B$1240,Tabela2[[#This Row],[T]],$L$2:$L$1205) -> 0.19633285 | CW8: =AVERAGEIF($C$2:$C$1240,Tabela2[[#This Row],[T]],$M$2:$M$1205) -> 0.32218432 | CX8: {=_xlfn.STDEV.S(IF($B$2:$B$1203=Tabela2[[#This Row],[T]],$L$2:$L$1203))} -> 0.21963284 | CY8: {=_xlfn.STDEV.S(IF($C$2:$C$1203=Tabela2[[#This Row],[T]],$M$2:$M$1203))} -> 0.26386641 | CZ8: =Tabela2[[#This Row],[DPPGC]]/Tabela2[[#This Row],[PESOGC]] -> 1.118676 | DA8: =Tabela2[[#This Row],[DPPGV]]/Tabela2[[#This Row],[PESOGV]] -> 0.81899209 | DB8: =Tabela2[[#This Row],[T]] -> Corinthians | DC8: =AVERAGEIF($B$2:$B$1240,Tabela2[[#This Row],[T]],$AO$2:$AO$1205) -> 0.66958005 | DD8: =AVERAGEIF($C$2:$C$1240,Tabela2[[#This Row],[T]],$AP$2:$AP$1205) -> 0.51275917 | DE8: {=_xlfn.STDEV.S(IF($B$2:$B$1203=Tabela2[[#This Row],[T]],$AO$2:$AO$1203))} -> 0.36752001 | DF8: {=_xlfn.STDEV.S(IF($C$2:$C$1203=Tabela2[[#This Row],[T]],$AP$2:$AP$1203))} -> 0.38316401 | DG8: =Tabela2[[#This Row],[DPCGC]]/Tabela2[[#This Row],[CUSTGC]] -> 0.54888136 | DH8: =Tabela2[[#This Row],[DPCGV]]/Tabela2[[#This Row],[CUSTGV]] -> 0.74725921 | DI8: =Tabela2[[#This Row],[T]] -> Corinthians | DJ8: =AR8*BY8 -> 1.9208333 | DK8: =AS8*BZ8 -> 4.1513889 | DL8: =Tabela2[[#This Row],[T]] -> Corinthians | DM8: =SUMIF($B$2:$B$1340,Tabela2[[#This Row],[T]],$R$2:$R$1240) -> -4.14 | DN8: =SUMIF($C$2:$C$1340,Tabela2[[#This Row],[T]],$S$2:$S$1240) -> -3.15 | DO8: =SUMIF($B$2:$B$1240,Tabela2[[#This Row],[T]],$T$2:$T$1240) -> 0.1 | DP8: =SUMIF($C$2:$C$1240,Tabela2[[#This Row],[T]],$T$2:$T$1240) -> 6.6
A9: 46051 | B9: Sao Paulo | C9: Flamengo RJ | D9: 2 | E9: 1 | F9: H | G9: 3.7 | H9: 3 | I9: 2.2 | J9: =IF(A9="","",IF(F9="H",3,IF(F9="D",1,0))) -> 3 | K9: =IF(A9="","",IF(F9="H",0,IF(F9="D",1,3))) -> 0 | L9: =IF(A9="","",D9/I9) -> 0.90909091 | M9: =IF(A9="","",E9/G9) -> 0.27027027 | N9: =IF(A9="","",Tabela1[[#This Row],[PTC]]*Tabela1[[#This Row],[ODDC]]) -> 11.1 | O9: =IF(A9="","",Tabela1[[#This Row],[PTV]]*Tabela1[[#This Row],[ODDV]]) -> 0 | P9: =IF(A9="","",D9-E9) -> 1 | Q9: =IF(A9="","",E9-D9) -> -1 | R9: =IF(A9="","",IF(F9="H",G9-1,-1)) -> 2.7 | S9: =IF(A9="","",IF(F9="A",I9-1,-1)) -> -1 | T9: =IF(A9="","",IF(F9="D",Tabela1[[#This Row],[ODDE]]-1,-1)) -> -1 | U9: =IF(A9="","",IF(AND(Tabela1[[#This Row],[FTHG]]>3,F9="H"),1,0)) -> 0 | V9: =IF(A9="","",IF(AND(Tabela1[[#This Row],[FTAG]]>3,F9="A"),1,0)) -> 0 | W9: =IF(A9="","",IF(D9+E9>0,1,0)) -> 1 | X9: =IF(A9="","",IF(D9+E9>1,1,0)) -> 1 | Y9: =IF(A9="","",IF(D9+E9>2,1,0)) -> 1 | Z9: =IF(A9="","",IF(D9+E9>3,1,0)) -> 0 | AA9: =IF(A9="","",IF(D9+E9>4,1,0)) -> 0 | AB9: =IF(A9="","",IF(D9+E9>5,1,0)) -> 0 | AC9: =IF(A9="","",IFERROR(IF(AND(D9>0,E9>0),1,0),0)) -> 1 | AD9: =IF(A9="","",UPPER(TEXT(A9,"MMM"))) -> JAN | AE9: =IF(A9="","",COUNT($N$2:N9)) -> 8 | AF9: =IF(A9="","",IF(F9="H",1,0)) -> 1 | AG9: =IF(A9="","",IF(F9="D",1,0)) -> 0 | AH9: =IF(A9="","",IF(F9="A",1,0)) -> 0 | AI9: =IF(A9="","",IF(G9<1.21,"1,01-1,2",IF(G9<1.41,"1,21-1,4",IF(G9<1.71,"1,41-1,7",IF(G9<2.01,"1,71-2,0",IF(G9<2.41,"2,01-2,4",IF(G9<3.01,"2,41-3,0",IF(G9<4.01,"3,01-4.0",IF(G9<5.51,"4,01-5,5",IF(G9<9.01,"5,51-9,0",IF(G9<16.01,"9,01-16","Z16-99"))))))))))) -> 3,01-4.0 | AJ9: =IF(A9="","",IF(I9<1.21,"1,01-1,2",IF(I9<1.41,"1,21-1,4",IF(I9<1.71,"1,41-1,7",IF(I9<2.01,"1,71-2,0",IF(I9<2.41,"2,01-2,4",IF(I9<3.01,"2,41-3,0",IF(I9<4.01,"3,01-4.0",IF(I9<5.51,"4,01-5,5",IF(I9<9.01,"5,51-9,0",IF(I9<16.01,"9,01-16","Z16-99"))))))))))) -> 2,01-2,4 | AK9: =IF(A9="","",1/Tabela1[[#This Row],[ODDC]]) -> 0.27027027 | AL9: =IF(A9="","",1/Tabela1[[#This Row],[ODDE]]) -> 0.33333333 | AM9: =IF(A9="","",1/Tabela1[[#This Row],[ODDV]]) -> 0.45454545 | AN9: =IF(A9="","",1-(Tabela1[[#This Row],[p(H)]]+Tabela1[[#This Row],[p(D)]]+Tabela1[[#This Row],[p(A)]])) -> -0.058149058 | AO9: =IF(A9="","",IFERROR(Tabela1[[#This Row],[p(H)]]/Tabela1[[#This Row],[FTHG]],1)) -> 0.13513514 | AP9: =IF(A9="","",IFERROR(Tabela1[[#This Row],[p(A)]]/Tabela1[[#This Row],[FTAG]],1)) -> 0.45454545 | AQ9: Coritiba | AR9: =AVERAGEIF($B$2:$B$1203,Tabela2[[#This Row],[T]],$J$2:$J$1214) -> 1.3333333 | AS9: =AVERAGEIF($C$2:$C$1203,Tabela2[[#This Row],[T]],$K$2:$K$1214) -> 1.8333333 | AT9: {=_xlfn.STDEV.S(IF($B$2:$B$1203=Tabela2[[#This Row],[T]],$J$2:$J$1203))} -> 1.3662601 | AU9: {=_xlfn.STDEV.S(IF($C$2:$C$1203=Tabela2[[#This Row],[T]],$K$2:$K$1203))} -> 1.3291601 | AV9: =Tabela2[[#This Row],[DPMPTC]]/Tabela2[[#This Row],[MPTC]] -> 1.0246951 | AW9: =Tabela2[[#This Row],[DPMPTV]]/Tabela2[[#This Row],[MPTV]] -> 0.72499644 | AX9: =Tabela2[[#This Row],[T]] -> Coritiba | AY9: =AVERAGEIF($B$2:$B$1203,Tabela2[[#This Row],[T]],$U$2:$U$1194) -> 0 | AZ9: =AVERAGEIF($B$2:$B$1203,Tabela2[[#This Row],[T]],$V$2:$V$1194) -> 0 | BA9: =AVERAGEIF($C$2:$C$1203,Tabela2[[#This Row],[T1]],$V$2:$V$1194) -> 0 | BB9: =AVERAGEIF($C$2:$C$1203,Tabela2[[#This Row],[T]],$U$2:$U$1194) -> 0 | BC9: =Tabela2[[#This Row],[T]] -> Coritiba | BD9: =AVERAGEIF($B$2:$B$1203,Tabela2[[#This Row],[T]],$D$2:$D$1203) -> 0.83333333 | BE9: =AVERAGEIF($C$2:$C$1203,Tabela2[[#This Row],[T]],$E$2:$E$1203) -> 1.6666667 | BF9: {=_xlfn.STDEV.S(IF($B$2:$B$1203=Tabela2[[#This Row],[T]],$D$2:$D$1203))} -> 0.75277265 | BG9: {=_xlfn.STDEV.S(IF($C$2:$C$1203=Tabela2[[#This Row],[T]],$E$2:$E$1203))} -> 1.0327956 | BH9: =BF9/BD9 -> 0.90332718 | BI9: =BG9/BE9 -> 0.61967734 | BJ9: =Tabela2[[#This Row],[T]] -> Coritiba | BK9: =AVERAGEIF($B$2:$B$1203,Tabela2[[#This Row],[T]],$E$2:$E$1203) -> 0.66666667 | BL9: =AVERAGEIF($C$2:$C$1203,Tabela2[[#This Row],[T]],$D$2:$D$1203) -> 1.3333333 | BM9: {=_xlfn.STDEV.S(IF($B$2:$B$1203=Tabela2[[#This Row],[T]],$E$2:$E$1203))} -> 0.51639778 | BN9: {=_xlfn.STDEV.S(IF($C$2:$C$1203=Tabela2[[#This Row],[T]],$D$2:$D$1203))} -> 1.2110601 | BO9: =BM9/BK9 -> 0.77459667 | BP9: =BN9/BL9 -> 0.90829511 | BQ9: =Tabela2[[#This Row],[T]] -> Coritiba | BR9: =BD9/$BD$22 -> 0.51855693 | BS9: =BE9/$BE$22 -> 1.6001829 | BT9: =BK9/$BK$22 -> 0.63905055 | BU9: =BL9/$BL$22 -> 0.83851164 | BV9: =BR9-BT9 -> -0.12049362 | BW9: =BS9-BU9 -> 0.76167124 | BX9: =Tabela2[[#This Row],[T]] -> Coritiba | BY9: =AVERAGEIF($B$2:$B$1469,Tabela2[[#This Row],[T]],$G$2:$G$1214) -> 2.485 | BZ9: =AVERAGEIF($C$2:$C$1469,Tabela2[[#This Row],[T]],$I$2:$I$1214) -> 5.3916667 | CA9: {=_xlfn.STDEV.S(IF($B$2:$B$1469=Tabela2[[#This Row],[T]],$G$2:$G$1183))} -> 0.50134818 | CB9: {=_xlfn.STDEV.S(IF($C$2:$C1476=Tabela2[[#This Row],[T]],$I$2:$I$1183))} -> 2.328823 | CC9: =CA9/BY9 -> 0.20174977 | CD9: =CB9/BZ9 -> 0.43193008 | CE9: =Tabela2[[#This Row],[T]] -> Coritiba | CF9: =AVERAGEIF($B$2:$B$1469,Tabela2[[#This Row],[T]],$W$2:$W$1203) -> 1 | CG9: =AVERAGEIF($C$2:$C$1469,Tabela2[[#This Row],[T]],$W$2:$W$1203) -> 1 | CH9: =AVERAGEIF($B$2:$B$1469,Tabela2[[#This Row],[T]],$X$2:$X$1203) -> 0.5 | CI9: =AVERAGEIF($C$2:$C$1469,Tabela2[[#This Row],[T]],$X$2:$X$1183) -> 0.83333333 | CJ9: =AVERAGEIF($B$2:$B$1469,Tabela2[[#This Row],[T]],$Y$2:$Y$1203) -> 0 | CK9: =AVERAGEIF($C$2:$C$1469,Tabela2[[#This Row],[T]],$Y$2:$Y$1203) -> 0.5 | CL9: =AVERAGEIF($B$2:$B$1469,Tabela2[[#This Row],[T]],$Z$2:$Z$1203) -> 0 | CM9: =AVERAGEIF($C$2:$C$1469,Tabela2[[#This Row],[T]],$Z$2:$Z$1183) -> 0.33333333 | CN9: =AVERAGEIF($B$2:$B$1469,Tabela2[[#This Row],[T]],$AA$2:$AA$1203) -> 0 | CO9: =AVERAGEIF($C$2:$C$1469,Tabela2[[#This Row],[T]],$AA$2:$AA$1203) -> 0.16666667 | CP9: =AVERAGEIF($B$2:$B$1469,Tabela2[[#This Row],[T]],$AB$2:$AB$1203) -> 0 | CQ9: =AVERAGEIF($C$2:$C$1469,Tabela2[[#This Row],[T]],$AB$2:$AB$1183) -> 0.16666667 | CR9: =Tabela2[[#This Row],[T]] -> Coritiba | CS9: =AVERAGEIF($B$2:$B$1469,Tabela2[[#This Row],[T]],$AC$2:$AC$1240) -> 0.33333333 | CT9: =AVERAGEIF($C$2:$C$1469,Tabela2[[#This Row],[T]],$AC$2:$AC$1220) -> 0.5 | CU9: =Tabela2[[#This Row],[T]] -> Coritiba | CV9: =AVERAGEIF($B$2:$B$1240,Tabela2[[#This Row],[T]],$L$2:$L$1205) -> 0.25864528 | CW9: =AVERAGEIF($C$2:$C$1240,Tabela2[[#This Row],[T]],$M$2:$M$1205) -> 0.92322866 | CX9: {=_xlfn.STDEV.S(IF($B$2:$B$1203=Tabela2[[#This Row],[T]],$L$2:$L$1203))} -> 0.23531591 | CY9: {=_xlfn.STDEV.S(IF($C$2:$C$1203=Tabela2[[#This Row],[T]],$M$2:$M$1203))} -> 0.52939686 | CZ9: =Tabela2[[#This Row],[DPPGC]]/Tabela2[[#This Row],[PESOGC]] -> 0.9098017 | DA9: =Tabela2[[#This Row],[DPPGV]]/Tabela2[[#This Row],[PESOGV]] -> 0.573419 | DB9: =Tabela2[[#This Row],[T]] -> Coritiba | DC9: =AVERAGEIF($B$2:$B$1240,Tabela2[[#This Row],[T]],$AO$2:$AO$1205) -> 0.58598323 | DD9: =AVERAGEIF($C$2:$C$1240,Tabela2[[#This Row],[T]],$AP$2:$AP$1205) -> 0.25957756 | DE9: {=_xlfn.STDEV.S(IF($B$2:$B$1203=Tabela2[[#This Row],[T]],$AO$2:$AO$1203))} -> 0.34368063 | DF9: {=_xlfn.STDEV.S(IF($C$2:$C$1203=Tabela2[[#This Row],[T]],$AP$2:$AP$1203))} -> 0.36443971 | DG9: =Tabela2[[#This Row],[DPCGC]]/Tabela2[[#This Row],[CUSTGC]] -> 0.5865025 | DH9: =Tabela2[[#This Row],[DPCGV]]/Tabela2[[#This Row],[CUSTGV]] -> 1.4039723 | DI9: =Tabela2[[#This Row],[T]] -> Coritiba | DJ9: =AR9*BY9 -> 3.3133333 | DK9: =AS9*BZ9 -> 9.8847222 | DL9: =Tabela2[[#This Row],[T]] -> Coritiba | DM9: =SUMIF($B$2:$B$1340,Tabela2[[#This Row],[T]],$R$2:$R$1240) -> -2.14 | DN9: =SUMIF($C$2:$C$1340,Tabela2[[#This Row],[T]],$S$2:$S$1240) -> 14.75 | DO9: =SUMIF($B$2:$B$1240,Tabela2[[#This Row],[T]],$T$2:$T$1240) -> 0 | DP9: =SUMIF($C$2:$C$1240,Tabela2[[#This Row],[T]],$T$2:$T$1240) -> 0.6
A10: 46051 | B10: Mirassol | C10: Vasco | D10: 2 | E10: 1 | F10: H | G10: 1.79 | H10: 3.3 | I10: 4.5 | J10: =IF(A10="","",IF(F10="H",3,IF(F10="D",1,0))) -> 3 | K10: =IF(A10="","",IF(F10="H",0,IF(F10="D",1,3))) -> 0 | L10: =IF(A10="","",D10/I10) -> 0.44444444 | M10: =IF(A10="","",E10/G10) -> 0.55865922 | N10: =IF(A10="","",Tabela1[[#This Row],[PTC]]*Tabela1[[#This Row],[ODDC]]) -> 5.37 | O10: =IF(A10="","",Tabela1[[#This Row],[PTV]]*Tabela1[[#This Row],[ODDV]]) -> 0 | P10: =IF(A10="","",D10-E10) -> 1 | Q10: =IF(A10="","",E10-D10) -> -1 | R10: =IF(A10="","",IF(F10="H",G10-1,-1)) -> 0.79 | S10: =IF(A10="","",IF(F10="A",I10-1,-1)) -> -1 | T10: =IF(A10="","",IF(F10="D",Tabela1[[#This Row],[ODDE]]-1,-1)) -> -1 | U10: =IF(A10="","",IF(AND(Tabela1[[#This Row],[FTHG]]>3,F10="H"),1,0)) -> 0 | V10: =IF(A10="","",IF(AND(Tabela1[[#This Row],[FTAG]]>3,F10="A"),1,0)) -> 0 | W10: =IF(A10="","",IF(D10+E10>0,1,0)) -> 1 | X10: =IF(A10="","",IF(D10+E10>1,1,0)) -> 1 | Y10: =IF(A10="","",IF(D10+E10>2,1,0)) -> 1 | Z10: =IF(A10="","",IF(D10+E10>3,1,0)) -> 0 | AA10: =IF(A10="","",IF(D10+E10>4,1,0)) -> 0 | AB10: =IF(A10="","",IF(D10+E10>5,1,0)) -> 0 | AC10: =IF(A10="","",IFERROR(IF(AND(D10>0,E10>0),1,0),0)) -> 1 | AD10: =IF(A10="","",UPPER(TEXT(A10,"MMM"))) -> JAN | AE10: =IF(A10="","",COUNT($N$2:N10)) -> 9 | AF10: =IF(A10="","",IF(F10="H",1,0)) -> 1 | AG10: =IF(A10="","",IF(F10="D",1,0)) -> 0 | AH10: =IF(A10="","",IF(F10="A",1,0)) -> 0 | AI10: =IF(A10="","",IF(G10<1.21,"1,01-1,2",IF(G10<1.41,"1,21-1,4",IF(G10<1.71,"1,41-1,7",IF(G10<2.01,"1,71-2,0",IF(G10<2.41,"2,01-2,4",IF(G10<3.01,"2,41-3,0",IF(G10<4.01,"3,01-4.0",IF(G10<5.51,"4,01-5,5",IF(G10<9.01,"5,51-9,0",IF(G10<16.01,"9,01-16","Z16-99"))))))))))) -> 1,71-2,0 | AJ10: =IF(A10="","",IF(I10<1.21,"1,01-1,2",IF(I10<1.41,"1,21-1,4",IF(I10<1.71,"1,41-1,7",IF(I10<2.01,"1,71-2,0",IF(I10<2.41,"2,01-2,4",IF(I10<3.01,"2,41-3,0",IF(I10<4.01,"3,01-4.0",IF(I10<5.51,"4,01-5,5",IF(I10<9.01,"5,51-9,0",IF(I10<16.01,"9,01-16","Z16-99"))))))))))) -> 4,01-5,5 | AK10: =IF(A10="","",1/Tabela1[[#This Row],[ODDC]]) -> 0.55865922 | AL10: =IF(A10="","",1/Tabela1[[#This Row],[ODDE]]) -> 0.3030303 | AM10: =IF(A10="","",1/Tabela1[[#This Row],[ODDV]]) -> 0.22222222 | AN10: =IF(A10="","",1-(Tabela1[[#This Row],[p(H)]]+Tabela1[[#This Row],[p(D)]]+Tabela1[[#This Row],[p(A)]])) -> -0.083911743 | AO10: =IF(A10="","",IFERROR(Tabela1[[#This Row],[p(H)]]/Tabela1[[#This Row],[FTHG]],1)) -> 0.27932961 | AP10: =IF(A10="","",IFERROR(Tabela1[[#This Row],[p(A)]]/Tabela1[[#This Row],[FTAG]],1)) -> 0.22222222 | AQ10: Cruzeiro | AR10: =AVERAGEIF($B$2:$B$1203,Tabela2[[#This Row],[T]],$J$2:$J$1214) -> 1.7142857 | AS10: =AVERAGEIF($C$2:$C$1203,Tabela2[[#This Row],[T]],$K$2:$K$1214) -> 0.2 | AT10: {=_xlfn.STDEV.S(IF($B$2:$B$1203=Tabela2[[#This Row],[T]],$J$2:$J$1203))} -> 1.2535663 | AU10: {=_xlfn.STDEV.S(IF($C$2:$C$1203=Tabela2[[#This Row],[T]],$K$2:$K$1203))} -> 0.4472136 | AV10: =Tabela2[[#This Row],[DPMPTC]]/Tabela2[[#This Row],[MPTC]] -> 0.73124703 | AW10: =Tabela2[[#This Row],[DPMPTV]]/Tabela2[[#This Row],[MPTV]] -> 2.236068 | AX10: =Tabela2[[#This Row],[T]] -> Cruzeiro | AY10: =AVERAGEIF($B$2:$B$1203,Tabela2[[#This Row],[T]],$U$2:$U$1194) -> 0 | AZ10: =AVERAGEIF($B$2:$B$1203,Tabela2[[#This Row],[T]],$V$2:$V$1194) -> 0 | BA10: =AVERAGEIF($C$2:$C$1203,Tabela2[[#This Row],[T1]],$V$2:$V$1194) -> 0 | BB10: =AVERAGEIF($C$2:$C$1203,Tabela2[[#This Row],[T]],$U$2:$U$1194) -> 0.4 | BC10: =Tabela2[[#This Row],[T]] -> Cruzeiro | BD10: =AVERAGEIF($B$2:$B$1203,Tabela2[[#This Row],[T]],$D$2:$D$1203) -> 1.7142857 | BE10: =AVERAGEIF($C$2:$C$1203,Tabela2[[#This Row],[T]],$E$2:$E$1203) -> 0.8 | BF10: {=_xlfn.STDEV.S(IF($B$2:$B$1203=Tabela2[[#This Row],[T]],$D$2:$D$1203))} -> 1.1126973 | BG10: {=_xlfn.STDEV.S(IF($C$2:$C$1203=Tabela2[[#This Row],[T]],$E$2:$E$1203))} -> 0.83666003 | BH10: =BF10/BD10 -> 0.64907341 | BI10: =BG10/BE10 -> 1.045825 | BJ10: =Tabela2[[#This Row],[T]] -> Cruzeiro | BK10: =AVERAGEIF($B$2:$B$1203,Tabela2[[#This Row],[T]],$E$2:$E$1203) -> 1 | BL10: =AVERAGEIF($C$2:$C$1203,Tabela2[[#This Row],[T]],$D$2:$D$1203) -> 2.8 | BM10: {=_xlfn.STDEV.S(IF($B$2:$B$1203=Tabela2[[#This Row],[T]],$E$2:$E$1203))} -> 1.1547005 | BN10: {=_xlfn.STDEV.S(IF($C$2:$C$1203=Tabela2[[#This Row],[T]],$D$2:$D$1203))} -> 1.0954451 | BO10: =BM10/BK10 -> 1.1547005 | BP10: =BN10/BL10 -> 0.3912304 | BQ10: =Tabela2[[#This Row],[T]] -> Cruzeiro | BR10: =BD10/$BD$22 -> 1.0667457 | BS10: =BE10/$BE$22 -> 0.76808778 | BT10: =BK10/$BK$22 -> 0.95857583 | BU10: =BL10/$BL$22 -> 1.7608744 | BV10: =BR10-BT10 -> 0.10816985 | BW10: =BS10-BU10 -> -0.99278667 | BX10: =Tabela2[[#This Row],[T]] -> Cruzeiro | BY10: =AVERAGEIF($B$2:$B$1469,Tabela2[[#This Row],[T]],$G$2:$G$1214) -> 1.6642857 | BZ10: =AVERAGEIF($C$2:$C$1469,Tabela2[[#This Row],[T]],$I$2:$I$1214) -> 4.04 | CA10: {=_xlfn.STDEV.S(IF($B$2:$B$1469=Tabela2[[#This Row],[T]],$G$2:$G$1183))} -> 0.21562754 | CB10: {=_xlfn.STDEV.S(IF($C$2:$C1477=Tabela2[[#This Row],[T]],$I$2:$I$1183))} -> 1.3831124 | CC10: =CA10/BY10 -> 0.12956161 | CD10: =CB10/BZ10 -> 0.34235456 | CE10: =Tabela2[[#This Row],[T]] -> Cruzeiro | CF10: =AVERAGEIF($B$2:$B$1469,Tabela2[[#This Row],[T]],$W$2:$W$1203) -> 0.85714286 | CG10: =AVERAGEIF($C$2:$C$1469,Tabela2[[#This Row],[T]],$W$2:$W$1203) -> 1 | CH10: =AVERAGEIF($B$2:$B$1469,Tabela2[[#This Row],[T]],$X$2:$X$1203) -> 0.85714286 | CI10: =AVERAGEIF($C$2:$C$1469,Tabela2[[#This Row],[T]],$X$2:$X$1183) -> 1 | CJ10: =AVERAGEIF($B$2:$B$1469,Tabela2[[#This Row],[T]],$Y$2:$Y$1203) -> 0.57142857 | CK10: =AVERAGEIF($C$2:$C$1469,Tabela2[[#This Row],[T]],$Y$2:$Y$1203) -> 0.8 | CL10: =AVERAGEIF($B$2:$B$1469,Tabela2[[#This Row],[T]],$Z$2:$Z$1203) -> 0.14285714 | CM10: =AVERAGEIF($C$2:$C$1469,Tabela2[[#This Row],[T]],$Z$2:$Z$1183) -> 0.6 | CN10: =AVERAGEIF($B$2:$B$1469,Tabela2[[#This Row],[T]],$AA$2:$AA$1203) -> 0.14285714 | CO10: =AVERAGEIF($C$2:$C$1469,Tabela2[[#This Row],[T]],$AA$2:$AA$1203) -> 0.2 | CP10: =AVERAGEIF($B$2:$B$1469,Tabela2[[#This Row],[T]],$AB$2:$AB$1203) -> 0.14285714 | CQ10: =AVERAGEIF($C$2:$C$1469,Tabela2[[#This Row],[T]],$AB$2:$AB$1183) -> 0 | CR10: =Tabela2[[#This Row],[T]] -> Cruzeiro | CS10: =AVERAGEIF($B$2:$B$1469,Tabela2[[#This Row],[T]],$AC$2:$AC$1240) -> 0.57142857 | CT10: =AVERAGEIF($C$2:$C$1469,Tabela2[[#This Row],[T]],$AC$2:$AC$1220) -> 0.6 | CU10: =Tabela2[[#This Row],[T]] -> Cruzeiro | CV10: =AVERAGEIF($B$2:$B$1240,Tabela2[[#This Row],[T]],$L$2:$L$1205) -> 0.34216285 | CW10: =AVERAGEIF($C$2:$C$1240,Tabela2[[#This Row],[T]],$M$2:$M$1205) -> 0.35492802 | CX10: {=_xlfn.STDEV.S(IF($B$2:$B$1203=Tabela2[[#This Row],[T]],$L$2:$L$1203))} -> 0.25590491 | CY10: {=_xlfn.STDEV.S(IF($C$2:$C$1203=Tabela2[[#This Row],[T]],$M$2:$M$1203))} -> 0.35625324 | CZ10: =Tabela2[[#This Row],[DPPGC]]/Tabela2[[#This Row],[PESOGC]] -> 0.74790385 | DA10: =Tabela2[[#This Row],[DPPGV]]/Tabela2[[#This Row],[PESOGV]] -> 1.0037338 | DB10: =Tabela2[[#This Row],[T]] -> Cruzeiro | DC10: =AVERAGEIF($B$2:$B$1240,Tabela2[[#This Row],[T]],$AO$2:$AO$1205) -> 0.47216116 | DD10: =AVERAGEIF($C$2:$C$1240,Tabela2[[#This Row],[T]],$AP$2:$AP$1205) -> 0.54394841 | DE10: {=_xlfn.STDEV.S(IF($B$2:$B$1203=Tabela2[[#This Row],[T]],$AO$2:$AO$1203))} -> 0.31408148 | DF10: {=_xlfn.STDEV.S(IF($C$2:$C$1203=Tabela2[[#This Row],[T]],$AP$2:$AP$1203))} -> 0.41946628 | DG10: =Tabela2[[#This Row],[DPCGC]]/Tabela2[[#This Row],[CUSTGC]] -> 0.66519975 | DH10: =Tabela2[[#This Row],[DPCGV]]/Tabela2[[#This Row],[CUSTGV]] -> 0.77115084 | DI10: =Tabela2[[#This Row],[T]] -> Cruzeiro | DJ10: =AR10*BY10 -> 2.8530612 | DK10: =AS10*BZ10 -> 0.808 | DL10: =Tabela2[[#This Row],[T]] -> Cruzeiro | DM10: =SUMIF($B$2:$B$1340,Tabela2[[#This Row],[T]],$R$2:$R$1240) -> -1.93 | DN10: =SUMIF($C$2:$C$1340,Tabela2[[#This Row],[T]],$S$2:$S$1240) -> -5 | DO10: =SUMIF($B$2:$B$1240,Tabela2[[#This Row],[T]],$T$2:$T$1240) -> 3.5 | DP10: =SUMIF($C$2:$C$1240,Tabela2[[#This Row],[T]],$T$2:$T$1240) -> -2
A11: 46052 | B11: Botafogo RJ | C11: Cruzeiro | D11: 4 | E11: 0 | F11: H | G11: 2.3 | H11: 3 | I11: 3.4 | J11: =IF(A11="","",IF(F11="H",3,IF(F11="D",1,0))) -> 3 | K11: =IF(A11="","",IF(F11="H",0,IF(F11="D",1,3))) -> 0 | L11: =IF(A11="","",D11/I11) -> 1.1764706 | M11: =IF(A11="","",E11/G11) -> 0 | N11: =IF(A11="","",Tabela1[[#This Row],[PTC]]*Tabela1[[#This Row],[ODDC]]) -> 6.9 | O11: =IF(A11="","",Tabela1[[#This Row],[PTV]]*Tabela1[[#This Row],[ODDV]]) -> 0 | P11: =IF(A11="","",D11-E11) -> 4 | Q11: =IF(A11="","",E11-D11) -> -4 | R11: =IF(A11="","",IF(F11="H",G11-1,-1)) -> 1.3 | S11: =IF(A11="","",IF(F11="A",I11-1,-1)) -> -1 | T11: =IF(A11="","",IF(F11="D",Tabela1[[#This Row],[ODDE]]-1,-1)) -> -1 | U11: =IF(A11="","",IF(AND(Tabela1[[#This Row],[FTHG]]>3,F11="H"),1,0)) -> 1 | V11: =IF(A11="","",IF(AND(Tabela1[[#This Row],[FTAG]]>3,F11="A"),1,0)) -> 0 | W11: =IF(A11="","",IF(D11+E11>0,1,0)) -> 1 | X11: =IF(A11="","",IF(D11+E11>1,1,0)) -> 1 | Y11: =IF(A11="","",IF(D11+E11>2,1,0)) -> 1 | Z11: =IF(A11="","",IF(D11+E11>3,1,0)) -> 1 | AA11: =IF(A11="","",IF(D11+E11>4,1,0)) -> 0 | AB11: =IF(A11="","",IF(D11+E11>5,1,0)) -> 0 | AC11: =IF(A11="","",IFERROR(IF(AND(D11>0,E11>0),1,0),0)) -> 0 | AD11: =IF(A11="","",UPPER(TEXT(A11,"MMM"))) -> JAN | AE11: =IF(A11="","",COUNT($N$2:N11)) -> 10 | AF11: =IF(A11="","",IF(F11="H",1,0)) -> 1 | AG11: =IF(A11="","",IF(F11="D",1,0)) -> 0 | AH11: =IF(A11="","",IF(F11="A",1,0)) -> 0 | AI11: =IF(A11="","",IF(G11<1.21,"1,01-1,2",IF(G11<1.41,"1,21-1,4",IF(G11<1.71,"1,41-1,7",IF(G11<2.01,"1,71-2,0",IF(G11<2.41,"2,01-2,4",IF(G11<3.01,"2,41-3,0",IF(G11<4.01,"3,01-4.0",IF(G11<5.51,"4,01-5,5",IF(G11<9.01,"5,51-9,0",IF(G11<16.01,"9,01-16","Z16-99"))))))))))) -> 2,01-2,4 | AJ11: =IF(A11="","",IF(I11<1.21,"1,01-1,2",IF(I11<1.41,"1,21-1,4",IF(I11<1.71,"1,41-1,7",IF(I11<2.01,"1,71-2,0",IF(I11<2.41,"2,01-2,4",IF(I11<3.01,"2,41-3,0",IF(I11<4.01,"3,01-4.0",IF(I11<5.51,"4,01-5,5",IF(I11<9.01,"5,51-9,0",IF(I11<16.01,"9,01-16","Z16-99"))))))))))) -> 3,01-4.0 | AK11: =IF(A11="","",1/Tabela1[[#This Row],[ODDC]]) -> 0.43478261 | AL11: =IF(A11="","",1/Tabela1[[#This Row],[ODDE]]) -> 0.33333333 | AM11: =IF(A11="","",1/Tabela1[[#This Row],[ODDV]]) -> 0.29411765 | AN11: =IF(A11="","",1-(Tabela1[[#This Row],[p(H)]]+Tabela1[[#This Row],[p(D)]]+Tabela1[[#This Row],[p(A)]])) -> -0.062233589 | AO11: =IF(A11="","",IFERROR(Tabela1[[#This Row],[p(H)]]/Tabela1[[#This Row],[FTHG]],1)) -> 0.10869565 | AP11: =IF(A11="","",IFERROR(Tabela1[[#This Row],[p(A)]]/Tabela1[[#This Row],[FTAG]],1)) -> 1 | AQ11: Flamengo RJ | AR11: =AVERAGEIF($B$2:$B$1203,Tabela2[[#This Row],[T]],$J$2:$J$1214) -> 2.6 | AS11: =AVERAGEIF($C$2:$C$1203,Tabela2[[#This Row],[T]],$K$2:$K$1214) -> 1.6666667 | AT11: {=_xlfn.STDEV.S(IF($B$2:$B$1203=Tabela2[[#This Row],[T]],$J$2:$J$1203))} -> 0.89442719 | AU11: {=_xlfn.STDEV.S(IF($C$2:$C$1203=Tabela2[[#This Row],[T]],$K$2:$K$1203))} -> 1.5055453 | AV11: =Tabela2[[#This Row],[DPMPTC]]/Tabela2[[#This Row],[MPTC]] -> 0.34401046 | AW11: =Tabela2[[#This Row],[DPMPTV]]/Tabela2[[#This Row],[MPTV]] -> 0.90332718 | AX11: =Tabela2[[#This Row],[T]] -> Flamengo RJ | AY11: =AVERAGEIF($B$2:$B$1203,Tabela2[[#This Row],[T]],$U$2:$U$1194) -> 0 | AZ11: =AVERAGEIF($B$2:$B$1203,Tabela2[[#This Row],[T]],$V$2:$V$1194) -> 0 | BA11: =AVERAGEIF($C$2:$C$1203,Tabela2[[#This Row],[T1]],$V$2:$V$1194) -> 0 | BB11: =AVERAGEIF($C$2:$C$1203,Tabela2[[#This Row],[T]],$U$2:$U$1194) -> 0 | BC11: =Tabela2[[#This Row],[T]] -> Flamengo RJ | BD11: =AVERAGEIF($B$2:$B$1203,Tabela2[[#This Row],[T]],$D$2:$D$1203) -> 2.2 | BE11: =AVERAGEIF($C$2:$C$1203,Tabela2[[#This Row],[T]],$E$2:$E$1203) -> 1.5 | BF11: {=_xlfn.STDEV.S(IF($B$2:$B$1203=Tabela2[[#This Row],[T]],$D$2:$D$1203))} -> 0.83666003 | BG11: {=_xlfn.STDEV.S(IF($C$2:$C$1203=Tabela2[[#This Row],[T]],$E$2:$E$1203))} -> 1.0488088 | BH11: =BF11/BD11 -> 0.38030001 | BI11: =BG11/BE11 -> 0.6992059 | BJ11: =Tabela2[[#This Row],[T]] -> Flamengo RJ | BK11: =AVERAGEIF($B$2:$B$1203,Tabela2[[#This Row],[T]],$E$2:$E$1203) -> 0.4 | BL11: =AVERAGEIF($C$2:$C$1203,Tabela2[[#This Row],[T]],$D$2:$D$1203) -> 1.3333333 | BM11: {=_xlfn.STDEV.S(IF($B$2:$B$1203=Tabela2[[#This Row],[T]],$E$2:$E$1203))} -> 0.54772256 | BN11: {=_xlfn.STDEV.S(IF($C$2:$C$1203=Tabela2[[#This Row],[T]],$D$2:$D$1203))} -> 1.0327956 | BO11: =BM11/BK11 -> 1.3693064 | BP11: =BN11/BL11 -> 0.77459667 | BQ11: =Tabela2[[#This Row],[T]] -> Flamengo RJ | BR11: =BD11/$BD$22 -> 1.3689903 | BS11: =BE11/$BE$22 -> 1.4401646 | BT11: =BK11/$BK$22 -> 0.38343033 | BU11: =BL11/$BL$22 -> 0.83851164 | BV11: =BR11-BT11 -> 0.98555996 | BW11: =BS11-BU11 -> 0.60165295 | BX11: =Tabela2[[#This Row],[T]] -> Flamengo RJ | BY11: =AVERAGEIF($B$2:$B$1469,Tabela2[[#This Row],[T]],$G$2:$G$1214) -> 1.342 | BZ11: =AVERAGEIF($C$2:$C$1469,Tabela2[[#This Row],[T]],$I$2:$I$1214) -> 2.055 | CA11: {=_xlfn.STDEV.S(IF($B$2:$B$1469=Tabela2[[#This Row],[T]],$G$2:$G$1183))} -> 0.13141537 | CB11: {=_xlfn.STDEV.S(IF($C$2:$C1478=Tabela2[[#This Row],[T]],$I$2:$I$1183))} -> 0.28367235 | CC11: =CA11/BY11 -> 0.097925016 | CD11: =CB11/BZ11 -> 0.13804007 | CE11: =Tabela2[[#This Row],[T]] -> Flamengo RJ | CF11: =AVERAGEIF($B$2:$B$1469,Tabela2[[#This Row],[T]],$W$2:$W$1203) -> 1 | CG11: =AVERAGEIF($C$2:$C$1469,Tabela2[[#This Row],[T]],$W$2:$W$1203) -> 1 | CH11: =AVERAGEIF($B$2:$B$1469,Tabela2[[#This Row],[T]],$X$2:$X$1203) -> 1 | CI11: =AVERAGEIF($C$2:$C$1469,Tabela2[[#This Row],[T]],$X$2:$X$1183) -> 1 | CJ11: =AVERAGEIF($B$2:$B$1469,Tabela2[[#This Row],[T]],$Y$2:$Y$1203) -> 0.4 | CK11: =AVERAGEIF($C$2:$C$1469,Tabela2[[#This Row],[T]],$Y$2:$Y$1203) -> 0.83333333 | CL11: =AVERAGEIF($B$2:$B$1469,Tabela2[[#This Row],[T]],$Z$2:$Z$1203) -> 0.2 | CM11: =AVERAGEIF($C$2:$C$1469,Tabela2[[#This Row],[T]],$Z$2:$Z$1183) -> 0 | CN11: =AVERAGEIF($B$2:$B$1469,Tabela2[[#This Row],[T]],$AA$2:$AA$1203) -> 0 | CO11: =AVERAGEIF($C$2:$C$1469,Tabela2[[#This Row],[T]],$AA$2:$AA$1203) -> 0 | CP11: =AVERAGEIF($B$2:$B$1469,Tabela2[[#This Row],[T]],$AB$2:$AB$1203) -> 0 | CQ11: =AVERAGEIF($C$2:$C$1469,Tabela2[[#This Row],[T]],$AB$2:$AB$1183) -> 0 | CR11: =Tabela2[[#This Row],[T]] -> Flamengo RJ | CS11: =AVERAGEIF($B$2:$B$1469,Tabela2[[#This Row],[T]],$AC$2:$AC$1240) -> 0.4 | CT11: =AVERAGEIF($C$2:$C$1469,Tabela2[[#This Row],[T]],$AC$2:$AC$1220) -> 0.66666667 | CU11: =Tabela2[[#This Row],[T]] -> Flamengo RJ | CV11: =AVERAGEIF($B$2:$B$1240,Tabela2[[#This Row],[T]],$L$2:$L$1205) -> 0.23958316 | CW11: =AVERAGEIF($C$2:$C$1240,Tabela2[[#This Row],[T]],$M$2:$M$1205) -> 0.37815355 | CX11: {=_xlfn.STDEV.S(IF($B$2:$B$1203=Tabela2[[#This Row],[T]],$L$2:$L$1203))} -> 0.080075693 | CY11: {=_xlfn.STDEV.S(IF($C$2:$C$1203=Tabela2[[#This Row],[T]],$M$2:$M$1203))} -> 0.26402808 | CZ11: =Tabela2[[#This Row],[DPPGC]]/Tabela2[[#This Row],[PESOGC]] -> 0.33422922 | DA11: =Tabela2[[#This Row],[DPPGV]]/Tabela2[[#This Row],[PESOGV]] -> 0.69820335 | DB11: =Tabela2[[#This Row],[T]] -> Flamengo RJ | DC11: =AVERAGEIF($B$2:$B$1240,Tabela2[[#This Row],[T]],$AO$2:$AO$1205) -> 0.39151113 | DD11: =AVERAGEIF($C$2:$C$1240,Tabela2[[#This Row],[T]],$AP$2:$AP$1205) -> 0.43412454 | DE11: {=_xlfn.STDEV.S(IF($B$2:$B$1203=Tabela2[[#This Row],[T]],$AO$2:$AO$1203))} -> 0.18182403 | DF11: {=_xlfn.STDEV.S(IF($C$2:$C$1203=Tabela2[[#This Row],[T]],$AP$2:$AP$1203))} -> 0.30016939 | DG11: =Tabela2[[#This Row],[DPCGC]]/Tabela2[[#This Row],[CUSTGC]] -> 0.46441601 | DH11: =Tabela2[[#This Row],[DPCGV]]/Tabela2[[#This Row],[CUSTGV]] -> 0.69143612 | DI11: =Tabela2[[#This Row],[T]] -> Flamengo RJ | DJ11: =AR11*BY11 -> 3.4892 | DK11: =AS11*BZ11 -> 3.425 | DL11: =Tabela2[[#This Row],[T]] -> Flamengo RJ | DM11: =SUMIF($B$2:$B$1340,Tabela2[[#This Row],[T]],$R$2:$R$1240) -> 0.3 | DN11: =SUMIF($C$2:$C$1340,Tabela2[[#This Row],[T]],$S$2:$S$1240) -> -0.17 | DO11: =SUMIF($B$2:$B$1240,Tabela2[[#This Row],[T]],$T$2:$T$1240) -> -0.5 | DP11: =SUMIF($C$2:$C$1240,Tabela2[[#This Row],[T]],$T$2:$T$1240) -> -2.9
A12: 46057 | B12: Bragantino | C12: Atletico-MG | D12: 1 | E12: 0 | F12: H | G12: 2.01 | H12: 3.2 | I12: 4 | J12: =IF(A12="","",IF(F12="H",3,IF(F12="D",1,0))) -> 3 | K12: =IF(A12="","",IF(F12="H",0,IF(F12="D",1,3))) -> 0 | L12: =IF(A12="","",D12/I12) -> 0.25 | M12: =IF(A12="","",E12/G12) -> 0 | N12: =IF(A12="","",Tabela1[[#This Row],[PTC]]*Tabela1[[#This Row],[ODDC]]) -> 6.03 | O12: =IF(A12="","",Tabela1[[#This Row],[PTV]]*Tabela1[[#This Row],[ODDV]]) -> 0 | P12: =IF(A12="","",D12-E12) -> 1 | Q12: =IF(A12="","",E12-D12) -> -1 | R12: =IF(A12="","",IF(F12="H",G12-1,-1)) -> 1.01 | S12: =IF(A12="","",IF(F12="A",I12-1,-1)) -> -1 | T12: =IF(A12="","",IF(F12="D",Tabela1[[#This Row],[ODDE]]-1,-1)) -> -1 | U12: =IF(A12="","",IF(AND(Tabela1[[#This Row],[FTHG]]>3,F12="H"),1,0)) -> 0 | V12: =IF(A12="","",IF(AND(Tabela1[[#This Row],[FTAG]]>3,F12="A"),1,0)) -> 0 | W12: =IF(A12="","",IF(D12+E12>0,1,0)) -> 1 | X12: =IF(A12="","",IF(D12+E12>1,1,0)) -> 0 | Y12: =IF(A12="","",IF(D12+E12>2,1,0)) -> 0 | Z12: =IF(A12="","",IF(D12+E12>3,1,0)) -> 0 | AA12: =IF(A12="","",IF(D12+E12>4,1,0)) -> 0 | AB12: =IF(A12="","",IF(D12+E12>5,1,0)) -> 0 | AC12: =IF(A12="","",IFERROR(IF(AND(D12>0,E12>0),1,0),0)) -> 0 | AD12: =IF(A12="","",UPPER(TEXT(A12,"MMM"))) -> FEV | AE12: =IF(A12="","",COUNT($N$2:N12)) -> 11 | AF12: =IF(A12="","",IF(F12="H",1,0)) -> 1 | AG12: =IF(A12="","",IF(F12="D",1,0)) -> 0 | AH12: =IF(A12="","",IF(F12="A",1,0)) -> 0 | AI12: =IF(A12="","",IF(G12<1.21,"1,01-1,2",IF(G12<1.41,"1,21-1,4",IF(G12<1.71,"1,41-1,7",IF(G12<2.01,"1,71-2,0",IF(G12<2.41,"2,01-2,4",IF(G12<3.01,"2,41-3,0",IF(G12<4.01,"3,01-4.0",IF(G12<5.51,"4,01-5,5",IF(G12<9.01,"5,51-9,0",IF(G12<16.01,"9,01-16","Z16-99"))))))))))) -> 2,01-2,4 | AJ12: =IF(A12="","",IF(I12<1.21,"1,01-1,2",IF(I12<1.41,"1,21-1,4",IF(I12<1.71,"1,41-1,7",IF(I12<2.01,"1,71-2,0",IF(I12<2.41,"2,01-2,4",IF(I12<3.01,"2,41-3,0",IF(I12<4.01,"3,01-4.0",IF(I12<5.51,"4,01-5,5",IF(I12<9.01,"5,51-9,0",IF(I12<16.01,"9,01-16","Z16-99"))))))))))) -> 3,01-4.0 | AK12: =IF(A12="","",1/Tabela1[[#This Row],[ODDC]]) -> 0.49751244 | AL12: =IF(A12="","",1/Tabela1[[#This Row],[ODDE]]) -> 0.3125 | AM12: =IF(A12="","",1/Tabela1[[#This Row],[ODDV]]) -> 0.25 | AN12: =IF(A12="","",1-(Tabela1[[#This Row],[p(H)]]+Tabela1[[#This Row],[p(D)]]+Tabela1[[#This Row],[p(A)]])) -> -0.060012438 | AO12: =IF(A12="","",IFERROR(Tabela1[[#This Row],[p(H)]]/Tabela1[[#This Row],[FTHG]],1)) -> 0.49751244 | AP12: =IF(A12="","",IFERROR(Tabela1[[#This Row],[p(A)]]/Tabela1[[#This Row],[FTAG]],1)) -> 1 | AQ12: Fluminense | AR12: =AVERAGEIF($B$2:$B$1203,Tabela2[[#This Row],[T]],$J$2:$J$1214) -> 2.5 | AS12: =AVERAGEIF($C$2:$C$1203,Tabela2[[#This Row],[T]],$K$2:$K$1214) -> 1.3333333 | AT12: {=_xlfn.STDEV.S(IF($B$2:$B$1203=Tabela2[[#This Row],[T]],$J$2:$J$1203))} -> 1.2247449 | AU12: {=_xlfn.STDEV.S(IF($C$2:$C$1203=Tabela2[[#This Row],[T]],$K$2:$K$1203))} -> 1.3662601 | AV12: =Tabela2[[#This Row],[DPMPTC]]/Tabela2[[#This Row],[MPTC]] -> 0.48989795 | AW12: =Tabela2[[#This Row],[DPMPTV]]/Tabela2[[#This Row],[MPTV]] -> 1.0246951 | AX12: =Tabela2[[#This Row],[T]] -> Fluminense | AY12: =AVERAGEIF($B$2:$B$1203,Tabela2[[#This Row],[T]],$U$2:$U$1194) -> 0 | AZ12: =AVERAGEIF($B$2:$B$1203,Tabela2[[#This Row],[T]],$V$2:$V$1194) -> 0 | BA12: =AVERAGEIF($C$2:$C$1203,Tabela2[[#This Row],[T1]],$V$2:$V$1194) -> 0 | BB12: =AVERAGEIF($C$2:$C$1203,Tabela2[[#This Row],[T]],$U$2:$U$1194) -> 0 | BC12: =Tabela2[[#This Row],[T]] -> Fluminense | BD12: =AVERAGEIF($B$2:$B$1203,Tabela2[[#This Row],[T]],$D$2:$D$1203) -> 1.8333333 | BE12: =AVERAGEIF($C$2:$C$1203,Tabela2[[#This Row],[T]],$E$2:$E$1203) -> 1.6666667 | BF12: {=_xlfn.STDEV.S(IF($B$2:$B$1203=Tabela2[[#This Row],[T]],$D$2:$D$1203))} -> 0.98319208 | BG12: {=_xlfn.STDEV.S(IF($C$2:$C$1203=Tabela2[[#This Row],[T]],$E$2:$E$1203))} -> 0.81649658 | BH12: =BF12/BD12 -> 0.53628659 | BI12: =BG12/BE12 -> 0.48989795 | BJ12: =Tabela2[[#This Row],[T]] -> Fluminense | BK12: =AVERAGEIF($B$2:$B$1203,Tabela2[[#This Row],[T]],$E$2:$E$1203) -> 1 | BL12: =AVERAGEIF($C$2:$C$1203,Tabela2[[#This Row],[T]],$D$2:$D$1203) -> 1.5 | BM12: {=_xlfn.STDEV.S(IF($B$2:$B$1203=Tabela2[[#This Row],[T]],$E$2:$E$1203))} -> 0.89442719 | BN12: {=_xlfn.STDEV.S(IF($C$2:$C$1203=Tabela2[[#This Row],[T]],$D$2:$D$1203))} -> 1.0488088 | BO12: =BM12/BK12 -> 0.89442719 | BP12: =BN12/BL12 -> 0.6992059 | BQ12: =Tabela2[[#This Row],[T]] -> Fluminense | BR12: =BD12/$BD$22 -> 1.1408252 | BS12: =BE12/$BE$22 -> 1.6001829 | BT12: =BK12/$BK$22 -> 0.95857583 | BU12: =BL12/$BL$22 -> 0.9433256 | BV12: =BR12-BT12 -> 0.18224942 | BW12: =BS12-BU12 -> 0.65685728 | BX12: =Tabela2[[#This Row],[T]] -> Fluminense | BY12: =AVERAGEIF($B$2:$B$1469,Tabela2[[#This Row],[T]],$G$2:$G$1214) -> 1.95 | BZ12: =AVERAGEIF($C$2:$C$1469,Tabela2[[#This Row],[T]],$I$2:$I$1214) -> 3.0933333 | CA12: {=_xlfn.STDEV.S(IF($B$2:$B$1469=Tabela2[[#This Row],[T]],$G$2:$G$1183))} -> 0.62222183 | CB12: {=_xlfn.STDEV.S(IF($C$2:$C1479=Tabela2[[#This Row],[T]],$I$2:$I$1183))} -> 1.1762086 | CC12: =CA12/BY12 -> 0.31908812 | CD12: =CB12/BZ12 -> 0.38023985 | CE12: =Tabela2[[#This Row],[T]] -> Fluminense | CF12: =AVERAGEIF($B$2:$B$1469,Tabela2[[#This Row],[T]],$W$2:$W$1203) -> 1 | CG12: =AVERAGEIF($C$2:$C$1469,Tabela2[[#This Row],[T]],$W$2:$W$1203) -> 1 | CH12: =AVERAGEIF($B$2:$B$1469,Tabela2[[#This Row],[T]],$X$2:$X$1203) -> 0.66666667 | CI12: =AVERAGEIF($C$2:$C$1469,Tabela2[[#This Row],[T]],$X$2:$X$1183) -> 1 | CJ12: =AVERAGEIF($B$2:$B$1469,Tabela2[[#This Row],[T]],$Y$2:$Y$1203) -> 0.66666667 | CK12: =AVERAGEIF($C$2:$C$1469,Tabela2[[#This Row],[T]],$Y$2:$Y$1203) -> 0.5 | CL12: =AVERAGEIF($B$2:$B$1469,Tabela2[[#This Row],[T]],$Z$2:$Z$1203) -> 0.33333333 | CM12: =AVERAGEIF($C$2:$C$1469,Tabela2[[#This Row],[T]],$Z$2:$Z$1183) -> 0.33333333 | CN12: =AVERAGEIF($B$2:$B$1469,Tabela2[[#This Row],[T]],$AA$2:$AA$1203) -> 0.16666667 | CO12: =AVERAGEIF($C$2:$C$1469,Tabela2[[#This Row],[T]],$AA$2:$AA$1203) -> 0.33333333 | CP12: =AVERAGEIF($B$2:$B$1469,Tabela2[[#This Row],[T]],$AB$2:$AB$1203) -> 0 | CQ12: =AVERAGEIF($C$2:$C$1469,Tabela2[[#This Row],[T]],$AB$2:$AB$1183) -> 0 | CR12: =Tabela2[[#This Row],[T]] -> Fluminense | CS12: =AVERAGEIF($B$2:$B$1469,Tabela2[[#This Row],[T]],$AC$2:$AC$1240) -> 0.66666667 | CT12: =AVERAGEIF($C$2:$C$1469,Tabela2[[#This Row],[T]],$AC$2:$AC$1220) -> 0.83333333 | CU12: =Tabela2[[#This Row],[T]] -> Fluminense | CV12: =AVERAGEIF($B$2:$B$1240,Tabela2[[#This Row],[T]],$L$2:$L$1205) -> 0.39508467 | CW12: =AVERAGEIF($C$2:$C$1240,Tabela2[[#This Row],[T]],$M$2:$M$1205) -> 0.6455444 | CX12: {=_xlfn.STDEV.S(IF($B$2:$B$1203=Tabela2[[#This Row],[T]],$L$2:$L$1203))} -> 0.20700567 | CY12: {=_xlfn.STDEV.S(IF($C$2:$C$1203=Tabela2[[#This Row],[T]],$M$2:$M$1203))} -> 0.37985086 | CZ12: =Tabela2[[#This Row],[DPPGC]]/Tabela2[[#This Row],[PESOGC]] -> 0.52395267 | DA12: =Tabela2[[#This Row],[DPPGV]]/Tabela2[[#This Row],[PESOGV]] -> 0.58841942 | DB12: =Tabela2[[#This Row],[T]] -> Fluminense | DC12: =AVERAGEIF($B$2:$B$1240,Tabela2[[#This Row],[T]],$AO$2:$AO$1205) -> 0.3664965 | DD12: =AVERAGEIF($C$2:$C$1240,Tabela2[[#This Row],[T]],$AP$2:$AP$1205) -> 0.24665472 | DE12: {=_xlfn.STDEV.S(IF($B$2:$B$1203=Tabela2[[#This Row],[T]],$AO$2:$AO$1203))} -> 0.18748135 | DF12: {=_xlfn.STDEV.S(IF($C$2:$C$1203=Tabela2[[#This Row],[T]],$AP$2:$AP$1203))} -> 0.1001514 | DG12: =Tabela2[[#This Row],[DPCGC]]/Tabela2[[#This Row],[CUSTGC]] -> 0.51155017 | DH12: =Tabela2[[#This Row],[DPCGV]]/Tabela2[[#This Row],[CUSTGV]] -> 0.40603887 | DI12: =Tabela2[[#This Row],[T]] -> Fluminense | DJ12: =AR12*BY12 -> 4.875 | DK12: =AS12*BZ12 -> 4.1244444 | DL12: =Tabela2[[#This Row],[T]] -> Fluminense | DM12: =SUMIF($B$2:$B$1340,Tabela2[[#This Row],[T]],$R$2:$R$1240) -> 2.5 | DN12: =SUMIF($C$2:$C$1340,Tabela2[[#This Row],[T]],$S$2:$S$1240) -> -0.64 | DO12: =SUMIF($B$2:$B$1240,Tabela2[[#This Row],[T]],$T$2:$T$1240) -> -6 | DP12: =SUMIF($C$2:$C$1240,Tabela2[[#This Row],[T]],$T$2:$T$1240) -> 0.3
A13: 46057 | B13: Flamengo RJ | C13: Internacional | D13: 1 | E13: 1 | F13: D | G13: 1.41 | H13: 4.5 | I13: 7.5 | J13: =IF(A13="","",IF(F13="H",3,IF(F13="D",1,0))) -> 1 | K13: =IF(A13="","",IF(F13="H",0,IF(F13="D",1,3))) -> 1 | L13: =IF(A13="","",D13/I13) -> 0.13333333 | M13: =IF(A13="","",E13/G13) -> 0.70921986 | N13: =IF(A13="","",Tabela1[[#This Row],[PTC]]*Tabela1[[#This Row],[ODDC]]) -> 1.41 | O13: =IF(A13="","",Tabela1[[#This Row],[PTV]]*Tabela1[[#This Row],[ODDV]]) -> 7.5 | P13: =IF(A13="","",D13-E13) -> 0 | Q13: =IF(A13="","",E13-D13) -> 0 | R13: =IF(A13="","",IF(F13="H",G13-1,-1)) -> -1 | S13: =IF(A13="","",IF(F13="A",I13-1,-1)) -> -1 | T13: =IF(A13="","",IF(F13="D",Tabela1[[#This Row],[ODDE]]-1,-1)) -> 3.5 | U13: =IF(A13="","",IF(AND(Tabela1[[#This Row],[FTHG]]>3,F13="H"),1,0)) -> 0 | V13: =IF(A13="","",IF(AND(Tabela1[[#This Row],[FTAG]]>3,F13="A"),1,0)) -> 0 | W13: =IF(A13="","",IF(D13+E13>0,1,0)) -> 1 | X13: =IF(A13="","",IF(D13+E13>1,1,0)) -> 1 | Y13: =IF(A13="","",IF(D13+E13>2,1,0)) -> 0 | Z13: =IF(A13="","",IF(D13+E13>3,1,0)) -> 0 | AA13: =IF(A13="","",IF(D13+E13>4,1,0)) -> 0 | AB13: =IF(A13="","",IF(D13+E13>5,1,0)) -> 0 | AC13: =IF(A13="","",IFERROR(IF(AND(D13>0,E13>0),1,0),0)) -> 1 | AD13: =IF(A13="","",UPPER(TEXT(A13,"MMM"))) -> FEV | AE13: =IF(A13="","",COUNT($N$2:N13)) -> 12 | AF13: =IF(A13="","",IF(F13="H",1,0)) -> 0 | AG13: =IF(A13="","",IF(F13="D",1,0)) -> 1 | AH13: =IF(A13="","",IF(F13="A",1,0)) -> 0 | AI13: =IF(A13="","",IF(G13<1.21,"1,01-1,2",IF(G13<1.41,"1,21-1,4",IF(G13<1.71,"1,41-1,7",IF(G13<2.01,"1,71-2,0",IF(G13<2.41,"2,01-2,4",IF(G13<3.01,"2,41-3,0",IF(G13<4.01,"3,01-4.0",IF(G13<5.51,"4,01-5,5",IF(G13<9.01,"5,51-9,0",IF(G13<16.01,"9,01-16","Z16-99"))))))))))) -> 1,41-1,7 | AJ13: =IF(A13="","",IF(I13<1.21,"1,01-1,2",IF(I13<1.41,"1,21-1,4",IF(I13<1.71,"1,41-1,7",IF(I13<2.01,"1,71-2,0",IF(I13<2.41,"2,01-2,4",IF(I13<3.01,"2,41-3,0",IF(I13<4.01,"3,01-4.0",IF(I13<5.51,"4,01-5,5",IF(I13<9.01,"5,51-9,0",IF(I13<16.01,"9,01-16","Z16-99"))))))))))) -> 5,51-9,0 | AK13: =IF(A13="","",1/Tabela1[[#This Row],[ODDC]]) -> 0.70921986 | AL13: =IF(A13="","",1/Tabela1[[#This Row],[ODDE]]) -> 0.22222222 | AM13: =IF(A13="","",1/Tabela1[[#This Row],[ODDV]]) -> 0.13333333 | AN13: =IF(A13="","",1-(Tabela1[[#This Row],[p(H)]]+Tabela1[[#This Row],[p(D)]]+Tabela1[[#This Row],[p(A)]])) -> -0.064775414 | AO13: =IF(A13="","",IFERROR(Tabela1[[#This Row],[p(H)]]/Tabela1[[#This Row],[FTHG]],1)) -> 0.70921986 | AP13: =IF(A13="","",IFERROR(Tabela1[[#This Row],[p(A)]]/Tabela1[[#This Row],[FTAG]],1)) -> 0.13333333 | AQ13: Gremio | AR13: =AVERAGEIF($B$2:$B$1203,Tabela2[[#This Row],[T]],$J$2:$J$1214) -> 2.2 | AS13: =AVERAGEIF($C$2:$C$1203,Tabela2[[#This Row],[T]],$K$2:$K$1214) -> 0.28571429 | AT13: {=_xlfn.STDEV.S(IF($B$2:$B$1203=Tabela2[[#This Row],[T]],$J$2:$J$1203))} -> 1.0954451 | AU13: {=_xlfn.STDEV.S(IF($C$2:$C$1203=Tabela2[[#This Row],[T]],$K$2:$K$1203))} -> 0.48795004 | AV13: =Tabela2[[#This Row],[DPMPTC]]/Tabela2[[#This Row],[MPTC]] -> 0.4979296 | AW13: =Tabela2[[#This Row],[DPMPTV]]/Tabela2[[#This Row],[MPTV]] -> 1.7078251 | AX13: =Tabela2[[#This Row],[T]] -> Gremio | AY13: =AVERAGEIF($B$2:$B$1203,Tabela2[[#This Row],[T]],$U$2:$U$1194) -> 0.2 | AZ13: =AVERAGEIF($B$2:$B$1203,Tabela2[[#This Row],[T]],$V$2:$V$1194) -> 0 | BA13: =AVERAGEIF($C$2:$C$1203,Tabela2[[#This Row],[T1]],$V$2:$V$1194) -> 0 | BB13: =AVERAGEIF($C$2:$C$1203,Tabela2[[#This Row],[T]],$U$2:$U$1194) -> 0 | BC13: =Tabela2[[#This Row],[T]] -> Gremio | BD13: =AVERAGEIF($B$2:$B$1203,Tabela2[[#This Row],[T]],$D$2:$D$1203) -> 2 | BE13: =AVERAGEIF($C$2:$C$1203,Tabela2[[#This Row],[T]],$E$2:$E$1203) -> 0.57142857 | BF13: {=_xlfn.STDEV.S(IF($B$2:$B$1203=Tabela2[[#This Row],[T]],$D$2:$D$1203))} -> 1.8708287 | BG13: {=_xlfn.STDEV.S(IF($C$2:$C$1203=Tabela2[[#This Row],[T]],$E$2:$E$1203))} -> 0.53452248 | BH13: =BF13/BD13 -> 0.93541435 | BI13: =BG13/BE13 -> 0.93541435 | BJ13: =Tabela2[[#This Row],[T]] -> Gremio | BK13: =AVERAGEIF($B$2:$B$1203,Tabela2[[#This Row],[T]],$E$2:$E$1203) -> 1 | BL13: =AVERAGEIF($C$2:$C$1203,Tabela2[[#This Row],[T]],$D$2:$D$1203) -> 1.5714286 | BM13: {=_xlfn.STDEV.S(IF($B$2:$B$1203=Tabela2[[#This Row],[T]],$E$2:$E$1203))} -> 1.2247449 | BN13: {=_xlfn.STDEV.S(IF($C$2:$C$1203=Tabela2[[#This Row],[T]],$D$2:$D$1203))} -> 0.78679579 | BO13: =BM13/BK13 -> 1.2247449 | BP13: =BN13/BL13 -> 0.50068823 | BQ13: =Tabela2[[#This Row],[T]] -> Gremio | BR13: =BD13/$BD$22 -> 1.2445366 | BS13: =BE13/$BE$22 -> 0.54863413 | BT13: =BK13/$BK$22 -> 0.95857583 | BU13: =BL13/$BL$22 -> 0.98824586 | BV13: =BR13-BT13 -> 0.2859608 | BW13: =BS13-BU13 -> -0.43961173 | BX13: =Tabela2[[#This Row],[T]] -> Gremio | BY13: =AVERAGEIF($B$2:$B$1469,Tabela2[[#This Row],[T]],$G$2:$G$1214) -> 1.998 | BZ13: =AVERAGEIF($C$2:$C$1469,Tabela2[[#This Row],[T]],$I$2:$I$1214) -> 4.69 | CA13: {=_xlfn.STDEV.S(IF($B$2:$B$1469=Tabela2[[#This Row],[T]],$G$2:$G$1183))} -> 0.26574424 | CB13: {=_xlfn.STDEV.S(IF($C$2:$C1480=Tabela2[[#This Row],[T]],$I$2:$I$1183))} -> 1.2800521 | CC13: =CA13/BY13 -> 0.13300512 | CD13: =CB13/BZ13 -> 0.27293221 | CE13: =Tabela2[[#This Row],[T]] -> Gremio | CF13: =AVERAGEIF($B$2:$B$1469,Tabela2[[#This Row],[T]],$W$2:$W$1203) -> 0.8 | CG13: =AVERAGEIF($C$2:$C$1469,Tabela2[[#This Row],[T]],$W$2:$W$1203) -> 0.85714286 | CH13: =AVERAGEIF($B$2:$B$1469,Tabela2[[#This Row],[T]],$X$2:$X$1203) -> 0.8 | CI13: =AVERAGEIF($C$2:$C$1469,Tabela2[[#This Row],[T]],$X$2:$X$1183) -> 0.85714286 | CJ13: =AVERAGEIF($B$2:$B$1469,Tabela2[[#This Row],[T]],$Y$2:$Y$1203) -> 0.4 | CK13: =AVERAGEIF($C$2:$C$1469,Tabela2[[#This Row],[T]],$Y$2:$Y$1203) -> 0.42857143 | CL13: =AVERAGEIF($B$2:$B$1469,Tabela2[[#This Row],[T]],$Z$2:$Z$1203) -> 0.2 | CM13: =AVERAGEIF($C$2:$C$1469,Tabela2[[#This Row],[T]],$Z$2:$Z$1183) -> 0 | CN13: =AVERAGEIF($B$2:$B$1469,Tabela2[[#This Row],[T]],$AA$2:$AA$1203) -> 0.2 | CO13: =AVERAGEIF($C$2:$C$1469,Tabela2[[#This Row],[T]],$AA$2:$AA$1203) -> 0 | CP13: =AVERAGEIF($B$2:$B$1469,Tabela2[[#This Row],[T]],$AB$2:$AB$1203) -> 0.2 | CQ13: =AVERAGEIF($C$2:$C$1469,Tabela2[[#This Row],[T]],$AB$2:$AB$1183) -> 0 | CR13: =Tabela2[[#This Row],[T]] -> Gremio | CS13: =AVERAGEIF($B$2:$B$1469,Tabela2[[#This Row],[T]],$AC$2:$AC$1240) -> 0.6 | CT13: =AVERAGEIF($C$2:$C$1469,Tabela2[[#This Row],[T]],$AC$2:$AC$1220) -> 0.57142857 | CU13: =Tabela2[[#This Row],[T]] -> Gremio | CV13: =AVERAGEIF($B$2:$B$1240,Tabela2[[#This Row],[T]],$L$2:$L$1205) -> 0.55847523 | CW13: =AVERAGEIF($C$2:$C$1240,Tabela2[[#This Row],[T]],$M$2:$M$1205) -> 0.31702997 | CX13: {=_xlfn.STDEV.S(IF($B$2:$B$1203=Tabela2[[#This Row],[T]],$L$2:$L$1203))} -> 0.55319959 | CY13: {=_xlfn.STDEV.S(IF($C$2:$C$1203=Tabela2[[#This Row],[T]],$M$2:$M$1203))} -> 0.31373108 | CZ13: =Tabela2[[#This Row],[DPPGC]]/Tabela2[[#This Row],[PESOGC]] -> 0.9905535 | DA13: =Tabela2[[#This Row],[DPPGV]]/Tabela2[[#This Row],[PESOGV]] -> 0.98959439 | DB13: =Tabela2[[#This Row],[T]] -> Gremio | DC13: =AVERAGEIF($B$2:$B$1240,Tabela2[[#This Row],[T]],$AO$2:$AO$1205) -> 0.41485179 | DD13: =AVERAGEIF($C$2:$C$1240,Tabela2[[#This Row],[T]],$AP$2:$AP$1205) -> 0.57129469 | DE13: {=_xlfn.STDEV.S(IF($B$2:$B$1203=Tabela2[[#This Row],[T]],$AO$2:$AO$1203))} -> 0.3538296 | DF13: {=_xlfn.STDEV.S(IF($C$2:$C$1203=Tabela2[[#This Row],[T]],$AP$2:$AP$1203))} -> 0.41095105 | DG13: =Tabela2[[#This Row],[DPCGC]]/Tabela2[[#This Row],[CUSTGC]] -> 0.85290604 | DH13: =Tabela2[[#This Row],[DPCGV]]/Tabela2[[#This Row],[CUSTGV]] -> 0.71933287 | DI13: =Tabela2[[#This Row],[T]] -> Gremio | DJ13: =AR13*BY13 -> 4.3956 | DK13: =AS13*BZ13 -> 1.34 | DL13: =Tabela2[[#This Row],[T]] -> Gremio | DM13: =SUMIF($B$2:$B$1340,Tabela2[[#This Row],[T]],$R$2:$R$1240) -> 1.16 | DN13: =SUMIF($C$2:$C$1340,Tabela2[[#This Row],[T]],$S$2:$S$1240) -> -7 | DO13: =SUMIF($B$2:$B$1240,Tabela2[[#This Row],[T]],$T$2:$T$1240) -> 2.1 | DP13: =SUMIF($C$2:$C$1240,Tabela2[[#This Row],[T]],$T$2:$T$1240) -> 0
A14: 46057 | B14: Remo | C14: Mirassol | D14: 2 | E14: 2 | F14: D | G14: 3.1 | H14: 3.1 | I14: 2.4 | J14: =IF(A14="","",IF(F14="H",3,IF(F14="D",1,0))) -> 1 | K14: =IF(A14="","",IF(F14="H",0,IF(F14="D",1,3))) -> 1 | L14: =IF(A14="","",D14/I14) -> 0.83333333 | M14: =IF(A14="","",E14/G14) -> 0.64516129 | N14: =IF(A14="","",Tabela1[[#This Row],[PTC]]*Tabela1[[#This Row],[ODDC]]) -> 3.1 | O14: =IF(A14="","",Tabela1[[#This Row],[PTV]]*Tabela1[[#This Row],[ODDV]]) -> 2.4 | P14: =IF(A14="","",D14-E14) -> 0 | Q14: =IF(A14="","",E14-D14) -> 0 | R14: =IF(A14="","",IF(F14="H",G14-1,-1)) -> -1 | S14: =IF(A14="","",IF(F14="A",I14-1,-1)) -> -1 | T14: =IF(A14="","",IF(F14="D",Tabela1[[#This Row],[ODDE]]-1,-1)) -> 2.1 | U14: =IF(A14="","",IF(AND(Tabela1[[#This Row],[FTHG]]>3,F14="H"),1,0)) -> 0 | V14: =IF(A14="","",IF(AND(Tabela1[[#This Row],[FTAG]]>3,F14="A"),1,0)) -> 0 | W14: =IF(A14="","",IF(D14+E14>0,1,0)) -> 1 | X14: =IF(A14="","",IF(D14+E14>1,1,0)) -> 1 | Y14: =IF(A14="","",IF(D14+E14>2,1,0)) -> 1 | Z14: =IF(A14="","",IF(D14+E14>3,1,0)) -> 1 | AA14: =IF(A14="","",IF(D14+E14>4,1,0)) -> 0 | AB14: =IF(A14="","",IF(D14+E14>5,1,0)) -> 0 | AC14: =IF(A14="","",IFERROR(IF(AND(D14>0,E14>0),1,0),0)) -> 1 | AD14: =IF(A14="","",UPPER(TEXT(A14,"MMM"))) -> FEV | AE14: =IF(A14="","",COUNT($N$2:N14)) -> 13 | AF14: =IF(A14="","",IF(F14="H",1,0)) -> 0 | AG14: =IF(A14="","",IF(F14="D",1,0)) -> 1 | AH14: =IF(A14="","",IF(F14="A",1,0)) -> 0 | AI14: =IF(A14="","",IF(G14<1.21,"1,01-1,2",IF(G14<1.41,"1,21-1,4",IF(G14<1.71,"1,41-1,7",IF(G14<2.01,"1,71-2,0",IF(G14<2.41,"2,01-2,4",IF(G14<3.01,"2,41-3,0",IF(G14<4.01,"3,01-4.0",IF(G14<5.51,"4,01-5,5",IF(G14<9.01,"5,51-9,0",IF(G14<16.01,"9,01-16","Z16-99"))))))))))) -> 3,01-4.0 | AJ14: =IF(A14="","",IF(I14<1.21,"1,01-1,2",IF(I14<1.41,"1,21-1,4",IF(I14<1.71,"1,41-1,7",IF(I14<2.01,"1,71-2,0",IF(I14<2.41,"2,01-2,4",IF(I14<3.01,"2,41-3,0",IF(I14<4.01,"3,01-4.0",IF(I14<5.51,"4,01-5,5",IF(I14<9.01,"5,51-9,0",IF(I14<16.01,"9,01-16","Z16-99"))))))))))) -> 2,01-2,4 | AK14: =IF(A14="","",1/Tabela1[[#This Row],[ODDC]]) -> 0.32258065 | AL14: =IF(A14="","",1/Tabela1[[#This Row],[ODDE]]) -> 0.32258065 | AM14: =IF(A14="","",1/Tabela1[[#This Row],[ODDV]]) -> 0.41666667 | AN14: =IF(A14="","",1-(Tabela1[[#This Row],[p(H)]]+Tabela1[[#This Row],[p(D)]]+Tabela1[[#This Row],[p(A)]])) -> -0.061827957 | AO14: =IF(A14="","",IFERROR(Tabela1[[#This Row],[p(H)]]/Tabela1[[#This Row],[FTHG]],1)) -> 0.16129032 | AP14: =IF(A14="","",IFERROR(Tabela1[[#This Row],[p(A)]]/Tabela1[[#This Row],[FTAG]],1)) -> 0.20833333 | AQ14: Internacional | AR14: =AVERAGEIF($B$2:$B$1203,Tabela2[[#This Row],[T]],$J$2:$J$1214) -> 0.71428571 | AS14: =AVERAGEIF($C$2:$C$1203,Tabela2[[#This Row],[T]],$K$2:$K$1214) -> 1.6 | AT14: {=_xlfn.STDEV.S(IF($B$2:$B$1203=Tabela2[[#This Row],[T]],$J$2:$J$1203))} -> 1.1126973 | AU14: {=_xlfn.STDEV.S(IF($C$2:$C$1203=Tabela2[[#This Row],[T]],$K$2:$K$1203))} -> 1.3416408 | AV14: =Tabela2[[#This Row],[DPMPTC]]/Tabela2[[#This Row],[MPTC]] -> 1.5577762 | AW14: =Tabela2[[#This Row],[DPMPTV]]/Tabela2[[#This Row],[MPTV]] -> 0.83852549 | AX14: =Tabela2[[#This Row],[T]] -> Internacional | AY14: =AVERAGEIF($B$2:$B$1203,Tabela2[[#This Row],[T]],$U$2:$U$1194) -> 0 | AZ14: =AVERAGEIF($B$2:$B$1203,Tabela2[[#This Row],[T]],$V$2:$V$1194) -> 0 | BA14: =AVERAGEIF($C$2:$C$1203,Tabela2[[#This Row],[T1]],$V$2:$V$1194) -> 0 | BB14: =AVERAGEIF($C$2:$C$1203,Tabela2[[#This Row],[T]],$U$2:$U$1194) -> 0 | BC14: =Tabela2[[#This Row],[T]] -> Internacional | BD14: =AVERAGEIF($B$2:$B$1203,Tabela2[[#This Row],[T]],$D$2:$D$1203) -> 0.71428571 | BE14: =AVERAGEIF($C$2:$C$1203,Tabela2[[#This Row],[T]],$E$2:$E$1203) -> 1 | BF14: {=_xlfn.STDEV.S(IF($B$2:$B$1203=Tabela2[[#This Row],[T]],$D$2:$D$1203))} -> 0.75592895 | BG14: =IFERROR(_xlfn.STDEV.S(IF($C$2:$C$1203=Tabela2[[#This Row],[T]],$E$2:$E$1203)),0) -> 0 | BH14: =BF14/BD14 -> 1.0583005 | BI14: =BG14/BE14 -> 0 | BJ14: =Tabela2[[#This Row],[T]] -> Internacional | BK14: =AVERAGEIF($B$2:$B$1203,Tabela2[[#This Row],[T]],$E$2:$E$1203) -> 1.1428571 | BL14: =AVERAGEIF($C$2:$C$1203,Tabela2[[#This Row],[T]],$D$2:$D$1203) -> 0.8 | BM14: {=_xlfn.STDEV.S(IF($B$2:$B$1203=Tabela2[[#This Row],[T]],$E$2:$E$1203))} -> 1.069045 | BN14: =IFERROR(_xlfn.STDEV.S(IF($C$2:$C$1203=Tabela2[[#This Row],[T]],$D$2:$D$1203)),0) -> 0 | BO14: =BM14/BK14 -> 0.93541435 | BP14: =IFERROR(BN14/BL14,0) -> 0 | BQ14: =Tabela2[[#This Row],[T]] -> Internacional | BR14: =BD14/$BD$22 -> 0.44447737 | BS14: =BE14/$BE$22 -> 0.96010973 | BT14: =BK14/$BK$22 -> 1.0955152 | BU14: =BL14/$BL$22 -> 0.50310699 | BV14: =BR14-BT14 -> -0.65103787 | BW14: =BS14-BU14 -> 0.45700274 | BX14: =Tabela2[[#This Row],[T]] -> Internacional | BY14: =AVERAGEIF($B$2:$B$1469,Tabela2[[#This Row],[T]],$G$2:$G$1214) -> 1.9871429 | BZ14: =AVERAGEIF($C$2:$C$1469,Tabela2[[#This Row],[T]],$I$2:$I$1214) -> 4.15 | CA14: {=_xlfn.STDEV.S(IF($B$2:$B$1469=Tabela2[[#This Row],[T]],$G$2:$G$1183))} -> 0.54637332 | CB14: {=_xlfn.STDEV.S(IF($C$2:$C1481=Tabela2[[#This Row],[T]],$I$2:$I$1183))} -> 1.9893466 | CC14: =CA14/BY14 -> 0.27495423 | CD14: =CB14/BZ14 -> 0.47936063 | CE14: =Tabela2[[#This Row],[T]] -> Internacional | CF14: =AVERAGEIF($B$2:$B$1469,Tabela2[[#This Row],[T]],$W$2:$W$1203) -> 0.85714286 | CG14: =AVERAGEIF($C$2:$C$1469,Tabela2[[#This Row],[T]],$W$2:$W$1203) -> 1 | CH14: =AVERAGEIF($B$2:$B$1469,Tabela2[[#This Row],[T]],$X$2:$X$1203) -> 0.57142857 | CI14: =AVERAGEIF($C$2:$C$1469,Tabela2[[#This Row],[T]],$X$2:$X$1183) -> 0.6 | CJ14: =AVERAGEIF($B$2:$B$1469,Tabela2[[#This Row],[T]],$Y$2:$Y$1203) -> 0.28571429 | CK14: =AVERAGEIF($C$2:$C$1469,Tabela2[[#This Row],[T]],$Y$2:$Y$1203) -> 0.2 | CL14: =AVERAGEIF($B$2:$B$1469,Tabela2[[#This Row],[T]],$Z$2:$Z$1203) -> 0.14285714 | CM14: =AVERAGEIF($C$2:$C$1469,Tabela2[[#This Row],[T]],$Z$2:$Z$1183) -> 0 | CN14: =AVERAGEIF($B$2:$B$1469,Tabela2[[#This Row],[T]],$AA$2:$AA$1203) -> 0 | CO14: =AVERAGEIF($C$2:$C$1469,Tabela2[[#This Row],[T]],$AA$2:$AA$1203) -> 0 | CP14: =AVERAGEIF($B$2:$B$1469,Tabela2[[#This Row],[T]],$AB$2:$AB$1203) -> 0 | CQ14: =AVERAGEIF($C$2:$C$1469,Tabela2[[#This Row],[T]],$AB$2:$AB$1183) -> 0 | CR14: =Tabela2[[#This Row],[T]] -> Internacional | CS14: =AVERAGEIF($B$2:$B$1469,Tabela2[[#This Row],[T]],$AC$2:$AC$1240) -> 0.42857143 | CT14: =AVERAGEIF($C$2:$C$1469,Tabela2[[#This Row],[T]],$AC$2:$AC$1220) -> 0.6 | CU14: =Tabela2[[#This Row],[T]] -> Internacional | CV14: =AVERAGEIF($B$2:$B$1240,Tabela2[[#This Row],[T]],$L$2:$L$1205) -> 0.17611305 | CW14: =AVERAGEIF($C$2:$C$1240,Tabela2[[#This Row],[T]],$M$2:$M$1205) -> 0.49374248 | CX14: {=_xlfn.STDEV.S(IF($B$2:$B$1203=Tabela2[[#This Row],[T]],$L$2:$L$1203))} -> 0.17709707 | CY14: {=_xlfn.STDEV.S(IF($C$2:$C$1203=Tabela2[[#This Row],[T]],$M$2:$M$1203))} -> 0.37327301 | CZ14: =Tabela2[[#This Row],[DPPGC]]/Tabela2[[#This Row],[PESOGC]] -> 1.0055874 | DA14: =Tabela2[[#This Row],[DPPGV]]/Tabela2[[#This Row],[PESOGV]] -> 0.75600748 | DB14: =Tabela2[[#This Row],[T]] -> Internacional | DC14: =AVERAGEIF($B$2:$B$1240,Tabela2[[#This Row],[T]],$AO$2:$AO$1205) -> 0.67004212 | DD14: =AVERAGEIF($C$2:$C$1240,Tabela2[[#This Row],[T]],$AP$2:$AP$1205) -> 0.400771 | DE14: {=_xlfn.STDEV.S(IF($B$2:$B$1203=Tabela2[[#This Row],[T]],$AO$2:$AO$1203))} -> 0.31621339 | DF14: {=_xlfn.STDEV.S(IF($C$2:$C$1203=Tabela2[[#This Row],[T]],$AP$2:$AP$1203))} -> 0.36136251 | DG14: =Tabela2[[#This Row],[DPCGC]]/Tabela2[[#This Row],[CUSTGC]] -> 0.47193062 | DH14: =Tabela2[[#This Row],[DPCGV]]/Tabela2[[#This Row],[CUSTGV]] -> 0.90166831 | DI14: =Tabela2[[#This Row],[T]] -> Internacional | DJ14: =AR14*BY14 -> 1.4193878 | DK14: =AS14*BZ14 -> 6.64 | DL14: =Tabela2[[#This Row],[T]] -> Internacional | DM14: =SUMIF($B$2:$B$1340,Tabela2[[#This Row],[T]],$R$2:$R$1240) -> -5.63 | DN14: =SUMIF($C$2:$C$1340,Tabela2[[#This Row],[T]],$S$2:$S$1240) -> 2.4 | DO14: =SUMIF($B$2:$B$1240,Tabela2[[#This Row],[T]],$T$2:$T$1240) -> -0.4 | DP14: =SUMIF($C$2:$C$1240,Tabela2[[#This Row],[T]],$T$2:$T$1240) -> 2.9
A15: 46057 | B15: Santos | C15: Sao Paulo | D15: 1 | E15: 1 | F15: D | G15: 2.2 | H15: 3.1 | I15: 3.3 | J15: =IF(A15="","",IF(F15="H",3,IF(F15="D",1,0))) -> 1 | K15: =IF(A15="","",IF(F15="H",0,IF(F15="D",1,3))) -> 1 | L15: =IF(A15="","",D15/I15) -> 0.3030303 | M15: =IF(A15="","",E15/G15) -> 0.45454545 | N15: =IF(A15="","",Tabela1[[#This Row],[PTC]]*Tabela1[[#This Row],[ODDC]]) -> 2.2 | O15: =IF(A15="","",Tabela1[[#This Row],[PTV]]*Tabela1[[#This Row],[ODDV]]) -> 3.3 | P15: =IF(A15="","",D15-E15) -> 0 | Q15: =IF(A15="","",E15-D15) -> 0 | R15: =IF(A15="","",IF(F15="H",G15-1,-1)) -> -1 | S15: =IF(A15="","",IF(F15="A",I15-1,-1)) -> -1 | T15: =IF(A15="","",IF(F15="D",Tabela1[[#This Row],[ODDE]]-1,-1)) -> 2.1 | U15: =IF(A15="","",IF(AND(Tabela1[[#This Row],[FTHG]]>3,F15="H"),1,0)) -> 0 | V15: =IF(A15="","",IF(AND(Tabela1[[#This Row],[FTAG]]>3,F15="A"),1,0)) -> 0 | W15: =IF(A15="","",IF(D15+E15>0,1,0)) -> 1 | X15: =IF(A15="","",IF(D15+E15>1,1,0)) -> 1 | Y15: =IF(A15="","",IF(D15+E15>2,1,0)) -> 0 | Z15: =IF(A15="","",IF(D15+E15>3,1,0)) -> 0 | AA15: =IF(A15="","",IF(D15+E15>4,1,0)) -> 0 | AB15: =IF(A15="","",IF(D15+E15>5,1,0)) -> 0 | AC15: =IF(A15="","",IFERROR(IF(AND(D15>0,E15>0),1,0),0)) -> 1 | AD15: =IF(A15="","",UPPER(TEXT(A15,"MMM"))) -> FEV | AE15: =IF(A15="","",COUNT($N$2:N15)) -> 14 | AF15: =IF(A15="","",IF(F15="H",1,0)) -> 0 | AG15: =IF(A15="","",IF(F15="D",1,0)) -> 1 | AH15: =IF(A15="","",IF(F15="A",1,0)) -> 0 | AI15: =IF(A15="","",IF(G15<1.21,"1,01-1,2",IF(G15<1.41,"1,21-1,4",IF(G15<1.71,"1,41-1,7",IF(G15<2.01,"1,71-2,0",IF(G15<2.41,"2,01-2,4",IF(G15<3.01,"2,41-3,0",IF(G15<4.01,"3,01-4.0",IF(G15<5.51,"4,01-5,5",IF(G15<9.01,"5,51-9,0",IF(G15<16.01,"9,01-16","Z16-99"))))))))))) -> 2,01-2,4 | AJ15: =IF(A15="","",IF(I15<1.21,"1,01-1,2",IF(I15<1.41,"1,21-1,4",IF(I15<1.71,"1,41-1,7",IF(I15<2.01,"1,71-2,0",IF(I15<2.41,"2,01-2,4",IF(I15<3.01,"2,41-3,0",IF(I15<4.01,"3,01-4.0",IF(I15<5.51,"4,01-5,5",IF(I15<9.01,"5,51-9,0",IF(I15<16.01,"9,01-16","Z16-99"))))))))))) -> 3,01-4.0 | AK15: =IF(A15="","",1/Tabela1[[#This Row],[ODDC]]) -> 0.45454545 | AL15: =IF(A15="","",1/Tabela1[[#This Row],[ODDE]]) -> 0.32258065 | AM15: =IF(A15="","",1/Tabela1[[#This Row],[ODDV]]) -> 0.3030303 | AN15: =IF(A15="","",1-(Tabela1[[#This Row],[p(H)]]+Tabela1[[#This Row],[p(D)]]+Tabela1[[#This Row],[p(A)]])) -> -0.080156403 | AO15: =IF(A15="","",IFERROR(Tabela1[[#This Row],[p(H)]]/Tabela1[[#This Row],[FTHG]],1)) -> 0.45454545 | AP15: =IF(A15="","",IFERROR(Tabela1[[#This Row],[p(A)]]/Tabela1[[#This Row],[FTAG]],1)) -> 0.3030303 | AQ15: Mirassol | AR15: =AVERAGEIF($B$2:$B$1203,Tabela2[[#This Row],[T]],$J$2:$J$1214) -> 0.83333333 | AS15: =AVERAGEIF($C$2:$C$1203,Tabela2[[#This Row],[T]],$K$2:$K$1214) -> 0.8 | AT15: {=_xlfn.STDEV.S(IF($B$2:$B$1203=Tabela2[[#This Row],[T]],$J$2:$J$1203))} -> 1.1690452 | AU15: {=_xlfn.STDEV.S(IF($C$2:$C$1203=Tabela2[[#This Row],[T]],$K$2:$K$1203))} -> 1.3038405 | AV15: =Tabela2[[#This Row],[DPMPTC]]/Tabela2[[#This Row],[MPTC]] -> 1.4028542 | AW15: =Tabela2[[#This Row],[DPMPTV]]/Tabela2[[#This Row],[MPTV]] -> 1.6298006 | AX15: =Tabela2[[#This Row],[T]] -> Mirassol | AY15: =AVERAGEIF($B$2:$B$1203,Tabela2[[#This Row],[T]],$U$2:$U$1194) -> 0 | AZ15: =AVERAGEIF($B$2:$B$1203,Tabela2[[#This Row],[T]],$V$2:$V$1194) -> 0 | BA15: =AVERAGEIF($C$2:$C$1203,Tabela2[[#This Row],[T1]],$V$2:$V$1194) -> 0 | BB15: =AVERAGEIF($C$2:$C$1203,Tabela2[[#This Row],[T]],$U$2:$U$1194) -> 0 | BC15: =Tabela2[[#This Row],[T]] -> Mirassol | BD15: =AVERAGEIF($B$2:$B$1203,Tabela2[[#This Row],[T]],$D$2:$D$1203) -> 1.1666667 | BE15: =AVERAGEIF($C$2:$C$1203,Tabela2[[#This Row],[T]],$E$2:$E$1203) -> 1.2 | BF15: {=_xlfn.STDEV.S(IF($B$2:$B$1203=Tabela2[[#This Row],[T]],$D$2:$D$1203))} -> 0.98319208 | BG15: {=_xlfn.STDEV.S(IF($C$2:$C$1203=Tabela2[[#This Row],[T]],$E$2:$E$1203))} -> 1.0954451 | BH15: =BF15/BD15 -> 0.84273607 | BI15: =IFERROR(BG15/BE15,0) -> 0.91287093 | BJ15: =Tabela2[[#This Row],[T]] -> Mirassol | BK15: =AVERAGEIF($B$2:$B$1203,Tabela2[[#This Row],[T]],$E$2:$E$1203) -> 1.5 | BL15: =AVERAGEIF($C$2:$C$1203,Tabela2[[#This Row],[T]],$D$2:$D$1203) -> 1.6 | BM15: {=_xlfn.STDEV.S(IF($B$2:$B$1203=Tabela2[[#This Row],[T]],$E$2:$E$1203))} -> 0.54772256 | BN15: {=_xlfn.STDEV.S(IF($C$2:$C$1203=Tabela2[[#This Row],[T]],$D$2:$D$1203))} -> 0.89442719 | BO15: =BM15/BK15 -> 0.36514837 | BP15: =BN15/BL15 -> 0.55901699 | BQ15: =Tabela2[[#This Row],[T]] -> Mirassol | BR15: =BD15/$BD$22 -> 0.7259797 | BS15: =BE15/$BE$22 -> 1.1521317 | BT15: =BK15/$BK$22 -> 1.4378637 | BU15: =BL15/$BL$22 -> 1.006214 | BV15: =BR15-BT15 -> -0.71188404 | BW15: =BS15-BU15 -> 0.1459177 | BX15: =Tabela2[[#This Row],[T]] -> Mirassol | BY15: =AVERAGEIF($B$2:$B$1469,Tabela2[[#This Row],[T]],$G$2:$G$1214) -> 1.945 | BZ15: =AVERAGEIF($C$2:$C$1469,Tabela2[[#This Row],[T]],$I$2:$I$1214) -> 3.57 | CA15: {=_xlfn.STDEV.S(IF($B$2:$B$1469=Tabela2[[#This Row],[T]],$G$2:$G$1183))} -> 0.32216455 | CB15: {=_xlfn.STDEV.S(IF($C$2:$C1482=Tabela2[[#This Row],[T]],$I$2:$I$1183))} -> 1.2467959 | CC15: =CA15/BY15 -> 0.1656373 | CD15: =CB15/BZ15 -> 0.34924255 | CE15: =Tabela2[[#This Row],[T]] -> Mirassol | CF15: =AVERAGEIF($B$2:$B$1469,Tabela2[[#This Row],[T]],$W$2:$W$1203) -> 1 | CG15: =AVERAGEIF($C$2:$C$1469,Tabela2[[#This Row],[T]],$W$2:$W$1203) -> 1 | CH15: =AVERAGEIF($B$2:$B$1469,Tabela2[[#This Row],[T]],$X$2:$X$1203) -> 0.66666667 | CI15: =AVERAGEIF($C$2:$C$1469,Tabela2[[#This Row],[T]],$X$2:$X$1183) -> 0.6 | CJ15: =AVERAGEIF($B$2:$B$1469,Tabela2[[#This Row],[T]],$Y$2:$Y$1203) -> 0.66666667 | CK15: =AVERAGEIF($C$2:$C$1469,Tabela2[[#This Row],[T]],$Y$2:$Y$1203) -> 0.6 | CL15: =AVERAGEIF($B$2:$B$1469,Tabela2[[#This Row],[T]],$Z$2:$Z$1203) -> 0.33333333 | CM15: =AVERAGEIF($C$2:$C$1469,Tabela2[[#This Row],[T]],$Z$2:$Z$1183) -> 0.4 | CN15: =AVERAGEIF($B$2:$B$1469,Tabela2[[#This Row],[T]],$AA$2:$AA$1203) -> 0 | CO15: =AVERAGEIF($C$2:$C$1469,Tabela2[[#This Row],[T]],$AA$2:$AA$1203) -> 0.2 | CP15: =AVERAGEIF($B$2:$B$1469,Tabela2[[#This Row],[T]],$AB$2:$AB$1203) -> 0 | CQ15: =AVERAGEIF($C$2:$C$1469,Tabela2[[#This Row],[T]],$AB$2:$AB$1183) -> 0 | CR15: =Tabela2[[#This Row],[T]] -> Mirassol | CS15: =AVERAGEIF($B$2:$B$1469,Tabela2[[#This Row],[T]],$AC$2:$AC$1240) -> 0.66666667 | CT15: =AVERAGEIF($C$2:$C$1469,Tabela2[[#This Row],[T]],$AC$2:$AC$1220) -> 0.6 | CU15: =Tabela2[[#This Row],[T]] -> Mirassol | CV15: =AVERAGEIF($B$2:$B$1240,Tabela2[[#This Row],[T]],$L$2:$L$1205) -> 0.29743579 | CW15: =AVERAGEIF($C$2:$C$1240,Tabela2[[#This Row],[T]],$M$2:$M$1205) -> 0.51649981 | CX15: {=_xlfn.STDEV.S(IF($B$2:$B$1203=Tabela2[[#This Row],[T]],$L$2:$L$1203))} -> 0.25343168 | CY15: {=_xlfn.STDEV.S(IF($C$2:$C$1203=Tabela2[[#This Row],[T]],$M$2:$M$1203))} -> 0.49541365 | CZ15: =Tabela2[[#This Row],[DPPGC]]/Tabela2[[#This Row],[PESOGC]] -> 0.85205511 | DA15: =Tabela2[[#This Row],[DPPGV]]/Tabela2[[#This Row],[PESOGV]] -> 0.95917488 | DB15: =Tabela2[[#This Row],[T]] -> Mirassol | DC15: =AVERAGEIF($B$2:$B$1240,Tabela2[[#This Row],[T]],$AO$2:$AO$1205) -> 0.54233067 | DD15: =AVERAGEIF($C$2:$C$1240,Tabela2[[#This Row],[T]],$AP$2:$AP$1205) -> 0.49939024 | DE15: {=_xlfn.STDEV.S(IF($B$2:$B$1203=Tabela2[[#This Row],[T]],$AO$2:$AO$1203))} -> 0.36434872 | DF15: {=_xlfn.STDEV.S(IF($C$2:$C$1203=Tabela2[[#This Row],[T]],$AP$2:$AP$1203))} -> 0.45801189 | DG15: =Tabela2[[#This Row],[DPCGC]]/Tabela2[[#This Row],[CUSTGC]] -> 0.67182023 | DH15: =Tabela2[[#This Row],[DPCGV]]/Tabela2[[#This Row],[CUSTGV]] -> 0.91714225 | DI15: =Tabela2[[#This Row],[T]] -> Mirassol | DJ15: =AR15*BY15 -> 1.6208333 | DK15: =AS15*BZ15 -> 2.856 | DL15: =Tabela2[[#This Row],[T]] -> Mirassol | DM15: =SUMIF($B$2:$B$1340,Tabela2[[#This Row],[T]],$R$2:$R$1240) -> -4.21 | DN15: =SUMIF($C$2:$C$1340,Tabela2[[#This Row],[T]],$S$2:$S$1240) -> -0.9 | DO15: =SUMIF($B$2:$B$1240,Tabela2[[#This Row],[T]],$T$2:$T$1240) -> 0.7 | DP15: =SUMIF($C$2:$C$1240,Tabela2[[#This Row],[T]],$T$2:$T$1240) -> -1.9
A16: 46058 | B16: Gremio | C16: Botafogo RJ | D16: 5 | E16: 3 | F16: H | G16: 2.3 | H16: 3 | I16: 3.4 | J16: =IF(A16="","",IF(F16="H",3,IF(F16="D",1,0))) -> 3 | K16: =IF(A16="","",IF(F16="H",0,IF(F16="D",1,3))) -> 0 | L16: =IF(A16="","",D16/I16) -> 1.4705882 | M16: =IF(A16="","",E16/G16) -> 1.3043478 | N16: =IF(A16="","",Tabela1[[#This Row],[PTC]]*Tabela1[[#This Row],[ODDC]]) -> 6.9 | O16: =IF(A16="","",Tabela1[[#This Row],[PTV]]*Tabela1[[#This Row],[ODDV]]) -> 0 | P16: =IF(A16="","",D16-E16) -> 2 | Q16: =IF(A16="","",E16-D16) -> -2 | R16: =IF(A16="","",IF(F16="H",G16-1,-1)) -> 1.3 | S16: =IF(A16="","",IF(F16="A",I16-1,-1)) -> -1 | T16: =IF(A16="","",IF(F16="D",Tabela1[[#This Row],[ODDE]]-1,-1)) -> -1 | U16: =IF(A16="","",IF(AND(Tabela1[[#This Row],[FTHG]]>3,F16="H"),1,0)) -> 1 | V16: =IF(A16="","",IF(AND(Tabela1[[#This Row],[FTAG]]>3,F16="A"),1,0)) -> 0 | W16: =IF(A16="","",IF(D16+E16>0,1,0)) -> 1 | X16: =IF(A16="","",IF(D16+E16>1,1,0)) -> 1 | Y16: =IF(A16="","",IF(D16+E16>2,1,0)) -> 1 | Z16: =IF(A16="","",IF(D16+E16>3,1,0)) -> 1 | AA16: =IF(A16="","",IF(D16+E16>4,1,0)) -> 1 | AB16: =IF(A16="","",IF(D16+E16>5,1,0)) -> 1 | AC16: =IF(A16="","",IFERROR(IF(AND(D16>0,E16>0),1,0),0)) -> 1 | AD16: =IF(A16="","",UPPER(TEXT(A16,"MMM"))) -> FEV | AE16: =IF(A16="","",COUNT($N$2:N16)) -> 15 | AF16: =IF(A16="","",IF(F16="H",1,0)) -> 1 | AG16: =IF(A16="","",IF(F16="D",1,0)) -> 0 | AH16: =IF(A16="","",IF(F16="A",1,0)) -> 0 | AI16: =IF(A16="","",IF(G16<1.21,"1,01-1,2",IF(G16<1.41,"1,21-1,4",IF(G16<1.71,"1,41-1,7",IF(G16<2.01,"1,71-2,0",IF(G16<2.41,"2,01-2,4",IF(G16<3.01,"2,41-3,0",IF(G16<4.01,"3,01-4.0",IF(G16<5.51,"4,01-5,5",IF(G16<9.01,"5,51-9,0",IF(G16<16.01,"9,01-16","Z16-99"))))))))))) -> 2,01-2,4 | AJ16: =IF(A16="","",IF(I16<1.21,"1,01-1,2",IF(I16<1.41,"1,21-1,4",IF(I16<1.71,"1,41-1,7",IF(I16<2.01,"1,71-2,0",IF(I16<2.41,"2,01-2,4",IF(I16<3.01,"2,41-3,0",IF(I16<4.01,"3,01-4.0",IF(I16<5.51,"4,01-5,5",IF(I16<9.01,"5,51-9,0",IF(I16<16.01,"9,01-16","Z16-99"))))))))))) -> 3,01-4.0 | AK16: =IF(A16="","",1/Tabela1[[#This Row],[ODDC]]) -> 0.43478261 | AL16: =IF(A16="","",1/Tabela1[[#This Row],[ODDE]]) -> 0.33333333 | AM16: =IF(A16="","",1/Tabela1[[#This Row],[ODDV]]) -> 0.29411765 | AN16: =IF(A16="","",1-(Tabela1[[#This Row],[p(H)]]+Tabela1[[#This Row],[p(D)]]+Tabela1[[#This Row],[p(A)]])) -> -0.062233589 | AO16: =IF(A16="","",IFERROR(Tabela1[[#This Row],[p(H)]]/Tabela1[[#This Row],[FTHG]],1)) -> 0.086956522 | AP16: =IF(A16="","",IFERROR(Tabela1[[#This Row],[p(A)]]/Tabela1[[#This Row],[FTAG]],1)) -> 0.098039216 | AQ16: Palmeiras | AR16: =AVERAGEIF($B$2:$B$1203,Tabela2[[#This Row],[T]],$J$2:$J$1214) -> 3 | AS16: =AVERAGEIF($C$2:$C$1203,Tabela2[[#This Row],[T]],$K$2:$K$1214) -> 1.8333333 | AT16: {=_xlfn.STDEV.S(IF($B$2:$B$1203=Tabela2[[#This Row],[T]],$J$2:$J$1203))} -> 0 | AU16: {=_xlfn.STDEV.S(IF($C$2:$C$1203=Tabela2[[#This Row],[T]],$K$2:$K$1203))} -> 1.3291601 | AV16: =Tabela2[[#This Row],[DPMPTC]]/Tabela2[[#This Row],[MPTC]] -> 0 | AW16: =Tabela2[[#This Row],[DPMPTV]]/Tabela2[[#This Row],[MPTV]] -> 0.72499644 | AX16: =Tabela2[[#This Row],[T]] -> Palmeiras | AY16: =AVERAGEIF($B$2:$B$1203,Tabela2[[#This Row],[T]],$U$2:$U$1194) -> 0.16666667 | AZ16: =AVERAGEIF($B$2:$B$1203,Tabela2[[#This Row],[T]],$V$2:$V$1194) -> 0 | BA16: =AVERAGEIF($C$2:$C$1203,Tabela2[[#This Row],[T1]],$V$2:$V$1194) -> 0 | BB16: =AVERAGEIF($C$2:$C$1203,Tabela2[[#This Row],[T]],$U$2:$U$1194) -> 0 | BC16: =Tabela2[[#This Row],[T]] -> Palmeiras | BD16: =AVERAGEIF($B$2:$B$1203,Tabela2[[#This Row],[T]],$D$2:$D$1203) -> 2.1666667 | BE16: =AVERAGEIF($C$2:$C$1203,Tabela2[[#This Row],[T]],$E$2:$E$1203) -> 1.5 | BF16: {=_xlfn.STDEV.S(IF($B$2:$B$1203=Tabela2[[#This Row],[T]],$D$2:$D$1203))} -> 1.4719601 | BG16: {=_xlfn.STDEV.S(IF($C$2:$C$1203=Tabela2[[#This Row],[T]],$E$2:$E$1203))} -> 1.0488088 | BH16: =BF16/BD16 -> 0.67936622 | BI16: =BG16/BE16 -> 0.6992059 | BJ16: =Tabela2[[#This Row],[T]] -> Palmeiras | BK16: =AVERAGEIF($B$2:$B$1203,Tabela2[[#This Row],[T]],$E$2:$E$1203) -> 0.66666667 | BL16: =AVERAGEIF($C$2:$C$1203,Tabela2[[#This Row],[T]],$D$2:$D$1203) -> 1 | BM16: {=_xlfn.STDEV.S(IF($B$2:$B$1203=Tabela2[[#This Row],[T]],$E$2:$E$1203))} -> 0.51639778 | BN16: {=_xlfn.STDEV.S(IF($C$2:$C$1203=Tabela2[[#This Row],[T]],$D$2:$D$1203))} -> 0.89442719 | BO16: =BM16/BK16 -> 0.77459667 | BP16: =BN16/BL16 -> 0.89442719 | BQ16: =Tabela2[[#This Row],[T]] -> Palmeiras | BR16: =BD16/$BD$22 -> 1.348248 | BS16: =BE16/$BE$22 -> 1.4401646 | BT16: =BK16/$BK$22 -> 0.63905055 | BU16: =BL16/$BL$22 -> 0.62888373 | BV16: =BR16-BT16 -> 0.70919746 | BW16: =BS16-BU16 -> 0.81128086 | BX16: =Tabela2[[#This Row],[T]] -> Palmeiras | BY16: =AVERAGEIF($B$2:$B$1469,Tabela2[[#This Row],[T]],$G$2:$G$1214) -> 1.5183333 | BZ16: =AVERAGEIF($C$2:$C$1469,Tabela2[[#This Row],[T]],$I$2:$I$1214) -> 2.6166667 | CA16: {=_xlfn.STDEV.S(IF($B$2:$B$1469=Tabela2[[#This Row],[T]],$G$2:$G$1183))} -> 0.11686174 | CB16: {=_xlfn.STDEV.S(IF($C$2:$C1483=Tabela2[[#This Row],[T]],$I$2:$I$1183))} -> 0.26770631 | CC16: =CA16/BY16 -> 0.076967119 | CD16: =CB16/BZ16 -> 0.10230814 | CE16: =Tabela2[[#This Row],[T]] -> Palmeiras | CF16: =AVERAGEIF($B$2:$B$1469,Tabela2[[#This Row],[T]],$W$2:$W$1203) -> 1 | CG16: =AVERAGEIF($C$2:$C$1469,Tabela2[[#This Row],[T]],$W$2:$W$1203) -> 0.83333333 | CH16: =AVERAGEIF($B$2:$B$1469,Tabela2[[#This Row],[T]],$X$2:$X$1203) -> 0.66666667 | CI16: =AVERAGEIF($C$2:$C$1469,Tabela2[[#This Row],[T]],$X$2:$X$1183) -> 0.66666667 | CJ16: =AVERAGEIF($B$2:$B$1469,Tabela2[[#This Row],[T]],$Y$2:$Y$1203) -> 0.66666667 | CK16: =AVERAGEIF($C$2:$C$1469,Tabela2[[#This Row],[T]],$Y$2:$Y$1203) -> 0.66666667 | CL16: =AVERAGEIF($B$2:$B$1469,Tabela2[[#This Row],[T]],$Z$2:$Z$1203) -> 0.16666667 | CM16: =AVERAGEIF($C$2:$C$1469,Tabela2[[#This Row],[T]],$Z$2:$Z$1183) -> 0.33333333 | CN16: =AVERAGEIF($B$2:$B$1469,Tabela2[[#This Row],[T]],$AA$2:$AA$1203) -> 0.16666667 | CO16: =AVERAGEIF($C$2:$C$1469,Tabela2[[#This Row],[T]],$AA$2:$AA$1203) -> 0 | CP16: =AVERAGEIF($B$2:$B$1469,Tabela2[[#This Row],[T]],$AB$2:$AB$1203) -> 0.16666667 | CQ16: =AVERAGEIF($C$2:$C$1469,Tabela2[[#This Row],[T]],$AB$2:$AB$1183) -> 0 | CR16: =Tabela2[[#This Row],[T]] -> Palmeiras | CS16: =AVERAGEIF($B$2:$B$1469,Tabela2[[#This Row],[T]],$AC$2:$AC$1240) -> 0.66666667 | CT16: =AVERAGEIF($C$2:$C$1469,Tabela2[[#This Row],[T]],$AC$2:$AC$1220) -> 0.66666667 | CU16: =Tabela2[[#This Row],[T]] -> Palmeiras | CV16: =AVERAGEIF($B$2:$B$1240,Tabela2[[#This Row],[T]],$L$2:$L$1205) -> 0.31483294 | CW16: =AVERAGEIF($C$2:$C$1240,Tabela2[[#This Row],[T]],$M$2:$M$1205) -> 0.52434905 | CX16: {=_xlfn.STDEV.S(IF($B$2:$B$1203=Tabela2[[#This Row],[T]],$L$2:$L$1203))} -> 0.13078142 | CY16: {=_xlfn.STDEV.S(IF($C$2:$C$1203=Tabela2[[#This Row],[T]],$M$2:$M$1203))} -> 0.35405603 | CZ16: =Tabela2[[#This Row],[DPPGC]]/Tabela2[[#This Row],[PESOGC]] -> 0.41539942 | DA16: =Tabela2[[#This Row],[DPPGV]]/Tabela2[[#This Row],[PESOGV]] -> 0.67522965 | DB16: =Tabela2[[#This Row],[T]] -> Palmeiras | DC16: =AVERAGEIF($B$2:$B$1240,Tabela2[[#This Row],[T]],$AO$2:$AO$1205) -> 0.39781391 | DD16: =AVERAGEIF($C$2:$C$1240,Tabela2[[#This Row],[T]],$AP$2:$AP$1205) -> 0.3818551 | DE16: {=_xlfn.STDEV.S(IF($B$2:$B$1203=Tabela2[[#This Row],[T]],$AO$2:$AO$1203))} -> 0.19255294 | DF16: {=_xlfn.STDEV.S(IF($C$2:$C$1203=Tabela2[[#This Row],[T]],$AP$2:$AP$1203))} -> 0.32080292 | DG16: =Tabela2[[#This Row],[DPCGC]]/Tabela2[[#This Row],[CUSTGC]] -> 0.48402767 | DH16: =Tabela2[[#This Row],[DPCGV]]/Tabela2[[#This Row],[CUSTGV]] -> 0.8401169 | DI16: =Tabela2[[#This Row],[T]] -> Palmeiras | DJ16: =AR16*BY16 -> 4.555 | DK16: =AS16*BZ16 -> 4.7972222 | DL16: =Tabela2[[#This Row],[T]] -> Palmeiras | DM16: =SUMIF($B$2:$B$1340,Tabela2[[#This Row],[T]],$R$2:$R$1240) -> 3.11 | DN16: =SUMIF($C$2:$C$1340,Tabela2[[#This Row],[T]],$S$2:$S$1240) -> 1.95 | DO16: =SUMIF($B$2:$B$1240,Tabela2[[#This Row],[T]],$T$2:$T$1240) -> -6 | DP16: =SUMIF($C$2:$C$1240,Tabela2[[#This Row],[T]],$T$2:$T$1240) -> 0.1
A17: 46058 | B17: Palmeiras | C17: Vitoria | D17: 5 | E17: 1 | F17: H | G17: 1.3 | H17: 4.75 | I17: 10 | J17: =IF(A17="","",IF(F17="H",3,IF(F17="D",1,0))) -> 3 | K17: =IF(A17="","",IF(F17="H",0,IF(F17="D",1,3))) -> 0 | L17: =IF(A17="","",D17/I17) -> 0.5 | M17: =IF(A17="","",E17/G17) -> 0.76923077 | N17: =IF(A17="","",Tabela1[[#This Row],[PTC]]*Tabela1[[#This Row],[ODDC]]) -> 3.9 | O17: =IF(A17="","",Tabela1[[#This Row],[PTV]]*Tabela1[[#This Row],[ODDV]]) -> 0 | P17: =IF(A17="","",D17-E17) -> 4 | Q17: =IF(A17="","",E17-D17) -> -4 | R17: =IF(A17="","",IF(F17="H",G17-1,-1)) -> 0.3 | S17: =IF(A17="","",IF(F17="A",I17-1,-1)) -> -1 | T17: =IF(A17="","",IF(F17="D",Tabela1[[#This Row],[ODDE]]-1,-1)) -> -1 | U17: =IF(A17="","",IF(AND(Tabela1[[#This Row],[FTHG]]>3,F17="H"),1,0)) -> 1 | V17: =IF(A17="","",IF(AND(Tabela1[[#This Row],[FTAG]]>3,F17="A"),1,0)) -> 0 | W17: =IF(A17="","",IF(D17+E17>0,1,0)) -> 1 | X17: =IF(A17="","",IF(D17+E17>1,1,0)) -> 1 | Y17: =IF(A17="","",IF(D17+E17>2,1,0)) -> 1 | Z17: =IF(A17="","",IF(D17+E17>3,1,0)) -> 1 | AA17: =IF(A17="","",IF(D17+E17>4,1,0)) -> 1 | AB17: =IF(A17="","",IF(D17+E17>5,1,0)) -> 1 | AC17: =IF(A17="","",IFERROR(IF(AND(D17>0,E17>0),1,0),0)) -> 1 | AD17: =IF(A17="","",UPPER(TEXT(A17,"MMM"))) -> FEV | AE17: =IF(A17="","",COUNT($N$2:N17)) -> 16 | AF17: =IF(A17="","",IF(F17="H",1,0)) -> 1 | AG17: =IF(A17="","",IF(F17="D",1,0)) -> 0 | AH17: =IF(A17="","",IF(F17="A",1,0)) -> 0 | AI17: =IF(A17="","",IF(G17<1.21,"1,01-1,2",IF(G17<1.41,"1,21-1,4",IF(G17<1.71,"1,41-1,7",IF(G17<2.01,"1,71-2,0",IF(G17<2.41,"2,01-2,4",IF(G17<3.01,"2,41-3,0",IF(G17<4.01,"3,01-4.0",IF(G17<5.51,"4,01-5,5",IF(G17<9.01,"5,51-9,0",IF(G17<16.01,"9,01-16","Z16-99"))))))))))) -> 1,21-1,4 | AJ17: =IF(A17="","",IF(I17<1.21,"1,01-1,2",IF(I17<1.41,"1,21-1,4",IF(I17<1.71,"1,41-1,7",IF(I17<2.01,"1,71-2,0",IF(I17<2.41,"2,01-2,4",IF(I17<3.01,"2,41-3,0",IF(I17<4.01,"3,01-4.0",IF(I17<5.51,"4,01-5,5",IF(I17<9.01,"5,51-9,0",IF(I17<16.01,"9,01-16","Z16-99"))))))))))) -> 9,01-16 | AK17: =IF(A17="","",1/Tabela1[[#This Row],[ODDC]]) -> 0.76923077 | AL17: =IF(A17="","",1/Tabela1[[#This Row],[ODDE]]) -> 0.21052632 | AM17: =IF(A17="","",1/Tabela1[[#This Row],[ODDV]]) -> 0.1 | AN17: =IF(A17="","",1-(Tabela1[[#This Row],[p(H)]]+Tabela1[[#This Row],[p(D)]]+Tabela1[[#This Row],[p(A)]])) -> -0.079757085 | AO17: =IF(A17="","",IFERROR(Tabela1[[#This Row],[p(H)]]/Tabela1[[#This Row],[FTHG]],1)) -> 0.15384615 | AP17: =IF(A17="","",IFERROR(Tabela1[[#This Row],[p(A)]]/Tabela1[[#This Row],[FTAG]],1)) -> 0.1 | AQ17: Remo | AR17: =AVERAGEIF($B$2:$B$1203,Tabela2[[#This Row],[T]],$J$2:$J$1214) -> 1.2 | AS17: =AVERAGEIF($C$2:$C$1203,Tabela2[[#This Row],[T]],$K$2:$K$1214) -> 0.28571429 | AT17: {=_xlfn.STDEV.S(IF($B$2:$B$1203=Tabela2[[#This Row],[T]],$J$2:$J$1203))} -> 1.0954451 | AU17: {=_xlfn.STDEV.S(IF($C$2:$C$1203=Tabela2[[#This Row],[T]],$K$2:$K$1203))} -> 0.48795004 | AV17: =Tabela2[[#This Row],[DPMPTC]]/Tabela2[[#This Row],[MPTC]] -> 0.91287093 | AW17: =Tabela2[[#This Row],[DPMPTV]]/Tabela2[[#This Row],[MPTV]] -> 1.7078251 | AX17: =Tabela2[[#This Row],[T]] -> Remo | AY17: =AVERAGEIF($B$2:$B$1203,Tabela2[[#This Row],[T]],$U$2:$U$1194) -> 0.2 | AZ17: =AVERAGEIF($B$2:$B$1203,Tabela2[[#This Row],[T]],$V$2:$V$1194) -> 0 | BA17: =AVERAGEIF($C$2:$C$1203,Tabela2[[#This Row],[T1]],$V$2:$V$1194) -> 0 | BB17: =AVERAGEIF($C$2:$C$1203,Tabela2[[#This Row],[T]],$U$2:$U$1194) -> 0.14285714 | BC17: =Tabela2[[#This Row],[T]] -> Remo | BD17: =AVERAGEIF($B$2:$B$1203,Tabela2[[#This Row],[T]],$D$2:$D$1203) -> 1.6 | BE17: =AVERAGEIF($C$2:$C$1203,Tabela2[[#This Row],[T]],$E$2:$E$1203) -> 0.71428571 | BF17: {=_xlfn.STDEV.S(IF($B$2:$B$1203=Tabela2[[#This Row],[T]],$D$2:$D$1203))} -> 1.5165751 | BG17: {=_xlfn.STDEV.S(IF($C$2:$C$1203=Tabela2[[#This Row],[T]],$E$2:$E$1203))} -> 1.2535663 | BH17: =BF17/BD17 -> 0.94785943 | BI17: =BG17/BE17 -> 1.7549929 | BJ17: =Tabela2[[#This Row],[T]] -> Remo | BK17: =AVERAGEIF($B$2:$B$1203,Tabela2[[#This Row],[T]],$E$2:$E$1203) -> 1.4 | BL17: =AVERAGEIF($C$2:$C$1203,Tabela2[[#This Row],[T]],$D$2:$D$1203) -> 2.1428571 | BM17: {=_xlfn.STDEV.S(IF($B$2:$B$1203=Tabela2[[#This Row],[T]],$E$2:$E$1203))} -> 0.54772256 | BN17: {=_xlfn.STDEV.S(IF($C$2:$C$1203=Tabela2[[#This Row],[T]],$D$2:$D$1203))} -> 1.3451854 | BO17: =BM17/BK17 -> 0.3912304 | BP17: =BN17/BL17 -> 0.6277532 | BQ17: =Tabela2[[#This Row],[T]] -> Remo | BR17: =BD17/$BD$22 -> 0.99562931 | BS17: =BE17/$BE$22 -> 0.68579266 | BT17: =BK17/$BK$22 -> 1.3420062 | BU17: =BL17/$BL$22 -> 1.347608 | BV17: =BR17-BT17 -> -0.34637686 | BW17: =BS17-BU17 -> -0.66181533 | BX17: =Tabela2[[#This Row],[T]] -> Remo | BY17: =AVERAGEIF($B$2:$B$1469,Tabela2[[#This Row],[T]],$G$2:$G$1214) -> 3.24 | BZ17: =AVERAGEIF($C$2:$C$1469,Tabela2[[#This Row],[T]],$I$2:$I$1214) -> 7.3214286 | CA17: {=_xlfn.STDEV.S(IF($B$2:$B$1469=Tabela2[[#This Row],[T]],$G$2:$G$1183))} -> 0.44916589 | CB17: {=_xlfn.STDEV.S(IF($C$2:$C1484=Tabela2[[#This Row],[T]],$I$2:$I$1183))} -> 4.3868038 | CC17: =CA17/BY17 -> 0.13863145 | CD17: =CB17/BZ17 -> 0.5991732 | CE17: =Tabela2[[#This Row],[T]] -> Remo | CF17: =AVERAGEIF($B$2:$B$1469,Tabela2[[#This Row],[T]],$W$2:$W$1203) -> 1 | CG17: =AVERAGEIF($C$2:$C$1469,Tabela2[[#This Row],[T]],$W$2:$W$1203) -> 0.85714286 | CH17: =AVERAGEIF($B$2:$B$1469,Tabela2[[#This Row],[T]],$X$2:$X$1203) -> 1 | CI17: =AVERAGEIF($C$2:$C$1469,Tabela2[[#This Row],[T]],$X$2:$X$1183) -> 0.71428571 | CJ17: =AVERAGEIF($B$2:$B$1469,Tabela2[[#This Row],[T]],$Y$2:$Y$1203) -> 0.4 | CK17: =AVERAGEIF($C$2:$C$1469,Tabela2[[#This Row],[T]],$Y$2:$Y$1203) -> 0.42857143 | CL17: =AVERAGEIF($B$2:$B$1469,Tabela2[[#This Row],[T]],$Z$2:$Z$1203) -> 0.4 | CM17: =AVERAGEIF($C$2:$C$1469,Tabela2[[#This Row],[T]],$Z$2:$Z$1183) -> 0.28571429 | CN17: =AVERAGEIF($B$2:$B$1469,Tabela2[[#This Row],[T]],$AA$2:$AA$1203) -> 0.2 | CO17: =AVERAGEIF($C$2:$C$1469,Tabela2[[#This Row],[T]],$AA$2:$AA$1203) -> 0.28571429 | CP17: =AVERAGEIF($B$2:$B$1469,Tabela2[[#This Row],[T]],$AB$2:$AB$1203) -> 0 | CQ17: =AVERAGEIF($C$2:$C$1469,Tabela2[[#This Row],[T]],$AB$2:$AB$1183) -> 0.28571429 | CR17: =Tabela2[[#This Row],[T]] -> Remo | CS17: =AVERAGEIF($B$2:$B$1469,Tabela2[[#This Row],[T]],$AC$2:$AC$1240) -> 0.8 | CT17: =AVERAGEIF($C$2:$C$1469,Tabela2[[#This Row],[T]],$AC$2:$AC$1220) -> 0.28571429 | CU17: =Tabela2[[#This Row],[T]] -> Remo | CV17: =AVERAGEIF($B$2:$B$1240,Tabela2[[#This Row],[T]],$L$2:$L$1205) -> 0.68011545 | CW17: =AVERAGEIF($C$2:$C$1240,Tabela2[[#This Row],[T]],$M$2:$M$1205) -> 0.49570592 | CX17: {=_xlfn.STDEV.S(IF($B$2:$B$1203=Tabela2[[#This Row],[T]],$L$2:$L$1203))} -> 0.64327891 | CY17: {=_xlfn.STDEV.S(IF($C$2:$C$1203=Tabela2[[#This Row],[T]],$M$2:$M$1203))} -> 0.87641175 | CZ17: =Tabela2[[#This Row],[DPPGC]]/Tabela2[[#This Row],[PESOGC]] -> 0.9458378 | DA17: =Tabela2[[#This Row],[DPPGV]]/Tabela2[[#This Row],[PESOGV]] -> 1.7680074 | DB17: =Tabela2[[#This Row],[T]] -> Remo | DC17: =AVERAGEIF($B$2:$B$1240,Tabela2[[#This Row],[T]],$AO$2:$AO$1205) -> 0.38063863 | DD17: =AVERAGEIF($C$2:$C$1240,Tabela2[[#This Row],[T]],$AP$2:$AP$1205) -> 0.73162393 | DE17: {=_xlfn.STDEV.S(IF($B$2:$B$1203=Tabela2[[#This Row],[T]],$AO$2:$AO$1203))} -> 0.36273942 | DF17: {=_xlfn.STDEV.S(IF($C$2:$C$1203=Tabela2[[#This Row],[T]],$AP$2:$AP$1203))} -> 0.45843528 | DG17: =Tabela2[[#This Row],[DPCGC]]/Tabela2[[#This Row],[CUSTGC]] -> 0.95297583 | DH17: =Tabela2[[#This Row],[DPCGV]]/Tabela2[[#This Row],[CUSTGV]] -> 0.62659962 | DI17: =Tabela2[[#This Row],[T]] -> Remo | DJ17: =AR17*BY17 -> 3.888 | DK17: =AS17*BZ17 -> 2.0918367 | DL17: =Tabela2[[#This Row],[T]] -> Remo | DM17: =SUMIF($B$2:$B$1340,Tabela2[[#This Row],[T]],$R$2:$R$1240) -> -2 | DN17: =SUMIF($C$2:$C$1340,Tabela2[[#This Row],[T]],$S$2:$S$1240) -> -7 | DO17: =SUMIF($B$2:$B$1240,Tabela2[[#This Row],[T]],$T$2:$T$1240) -> 4.7 | DP17: =SUMIF($C$2:$C$1240,Tabela2[[#This Row],[T]],$T$2:$T$1240) -> 1.2
A18: 46058 | B18: Bahia | C18: Fluminense | D18: 1 | E18: 1 | F18: D | G18: 2.01 | H18: 3.3 | I18: 3.6 | J18: =IF(A18="","",IF(F18="H",3,IF(F18="D",1,0))) -> 1 | K18: =IF(A18="","",IF(F18="H",0,IF(F18="D",1,3))) -> 1 | L18: =IF(A18="","",D18/I18) -> 0.27777778 | M18: =IF(A18="","",E18/G18) -> 0.49751244 | N18: =IF(A18="","",Tabela1[[#This Row],[PTC]]*Tabela1[[#This Row],[ODDC]]) -> 2.01 | O18: =IF(A18="","",Tabela1[[#This Row],[PTV]]*Tabela1[[#This Row],[ODDV]]) -> 3.6 | P18: =IF(A18="","",D18-E18) -> 0 | Q18: =IF(A18="","",E18-D18) -> 0 | R18: =IF(A18="","",IF(F18="H",G18-1,-1)) -> -1 | S18: =IF(A18="","",IF(F18="A",I18-1,-1)) -> -1 | T18: =IF(A18="","",IF(F18="D",Tabela1[[#This Row],[ODDE]]-1,-1)) -> 2.3 | U18: =IF(A18="","",IF(AND(Tabela1[[#This Row],[FTHG]]>3,F18="H"),1,0)) -> 0 | V18: =IF(A18="","",IF(AND(Tabela1[[#This Row],[FTAG]]>3,F18="A"),1,0)) -> 0 | W18: =IF(A18="","",IF(D18+E18>0,1,0)) -> 1 | X18: =IF(A18="","",IF(D18+E18>1,1,0)) -> 1 | Y18: =IF(A18="","",IF(D18+E18>2,1,0)) -> 0 | Z18: =IF(A18="","",IF(D18+E18>3,1,0)) -> 0 | AA18: =IF(A18="","",IF(D18+E18>4,1,0)) -> 0 | AB18: =IF(A18="","",IF(D18+E18>5,1,0)) -> 0 | AC18: =IF(A18="","",IFERROR(IF(AND(D18>0,E18>0),1,0),0)) -> 1 | AD18: =IF(A18="","",UPPER(TEXT(A18,"MMM"))) -> FEV | AE18: =IF(A18="","",COUNT($N$2:N18)) -> 17 | AF18: =IF(A18="","",IF(F18="H",1,0)) -> 0 | AG18: =IF(A18="","",IF(F18="D",1,0)) -> 1 | AH18: =IF(A18="","",IF(F18="A",1,0)) -> 0 | AI18: =IF(A18="","",IF(G18<1.21,"1,01-1,2",IF(G18<1.41,"1,21-1,4",IF(G18<1.71,"1,41-1,7",IF(G18<2.01,"1,71-2,0",IF(G18<2.41,"2,01-2,4",IF(G18<3.01,"2,41-3,0",IF(G18<4.01,"3,01-4.0",IF(G18<5.51,"4,01-5,5",IF(G18<9.01,"5,51-9,0",IF(G18<16.01,"9,01-16","Z16-99"))))))))))) -> 2,01-2,4 | AJ18: =IF(A18="","",IF(I18<1.21,"1,01-1,2",IF(I18<1.41,"1,21-1,4",IF(I18<1.71,"1,41-1,7",IF(I18<2.01,"1,71-2,0",IF(I18<2.41,"2,01-2,4",IF(I18<3.01,"2,41-3,0",IF(I18<4.01,"3,01-4.0",IF(I18<5.51,"4,01-5,5",IF(I18<9.01,"5,51-9,0",IF(I18<16.01,"9,01-16","Z16-99"))))))))))) -> 3,01-4.0 | AK18: =IF(A18="","",1/Tabela1[[#This Row],[ODDC]]) -> 0.49751244 | AL18: =IF(A18="","",1/Tabela1[[#This Row],[ODDE]]) -> 0.3030303 | AM18: =IF(A18="","",1/Tabela1[[#This Row],[ODDV]]) -> 0.27777778 | AN18: =IF(A18="","",1-(Tabela1[[#This Row],[p(H)]]+Tabela1[[#This Row],[p(D)]]+Tabela1[[#This Row],[p(A)]])) -> -0.078320519 | AO18: =IF(A18="","",IFERROR(Tabela1[[#This Row],[p(H)]]/Tabela1[[#This Row],[FTHG]],1)) -> 0.49751244 | AP18: =IF(A18="","",IFERROR(Tabela1[[#This Row],[p(A)]]/Tabela1[[#This Row],[FTAG]],1)) -> 0.27777778 | AQ18: Santos | AR18: =AVERAGEIF($B$2:$B$1203,Tabela2[[#This Row],[T]],$J$2:$J$1214) -> 1.5714286 | AS18: =AVERAGEIF($C$2:$C$1203,Tabela2[[#This Row],[T]],$K$2:$K$1214) -> 0.4 | AT18: {=_xlfn.STDEV.S(IF($B$2:$B$1203=Tabela2[[#This Row],[T]],$J$2:$J$1203))} -> 1.3972763 | AU18: {=_xlfn.STDEV.S(IF($C$2:$C$1203=Tabela2[[#This Row],[T]],$K$2:$K$1203))} -> 0.54772256 | AV18: =Tabela2[[#This Row],[DPMPTC]]/Tabela2[[#This Row],[MPTC]] -> 0.8891758 | AW18: =Tabela2[[#This Row],[DPMPTV]]/Tabela2[[#This Row],[MPTV]] -> 1.3693064 | AX18: =Tabela2[[#This Row],[T]] -> Santos | AY18: =AVERAGEIF($B$2:$B$1203,Tabela2[[#This Row],[T]],$U$2:$U$1194) -> 0 | AZ18: =AVERAGEIF($B$2:$B$1203,Tabela2[[#This Row],[T]],$V$2:$V$1194) -> 0 | BA18: =AVERAGEIF($C$2:$C$1203,Tabela2[[#This Row],[T1]],$V$2:$V$1194) -> 0 | BB18: =AVERAGEIF($C$2:$C$1203,Tabela2[[#This Row],[T]],$U$2:$U$1194) -> 0.2 | BC18: =Tabela2[[#This Row],[T]] -> Santos | BD18: =AVERAGEIF($B$2:$B$1203,Tabela2[[#This Row],[T]],$D$2:$D$1203) -> 1.4285714 | BE18: =AVERAGEIF($C$2:$C$1203,Tabela2[[#This Row],[T]],$E$2:$E$1203) -> 1.2 | BF18: {=_xlfn.STDEV.S(IF($B$2:$B$1203=Tabela2[[#This Row],[T]],$D$2:$D$1203))} -> 0.53452248 | BG18: {=_xlfn.STDEV.S(IF($C$2:$C$1203=Tabela2[[#This Row],[T]],$E$2:$E$1203))} -> 0.83666003 | BH18: =BF18/BD18 -> 0.37416574 | BI18: =BG18/BE18 -> 0.69721669 | BJ18: =Tabela2[[#This Row],[T]] -> Santos | BK18: =AVERAGEIF($B$2:$B$1203,Tabela2[[#This Row],[T]],$E$2:$E$1203) -> 1.1428571 | BL18: =AVERAGEIF($C$2:$C$1203,Tabela2[[#This Row],[T]],$D$2:$D$1203) -> 2.2 | BM18: {=_xlfn.STDEV.S(IF($B$2:$B$1203=Tabela2[[#This Row],[T]],$E$2:$E$1203))} -> 1.069045 | BN18: {=_xlfn.STDEV.S(IF($C$2:$C$1203=Tabela2[[#This Row],[T]],$D$2:$D$1203))} -> 1.4832397 | BO18: =BM18/BK18 -> 0.93541435 | BP18: =BN18/BL18 -> 0.67419986 | BQ18: =Tabela2[[#This Row],[T]] -> Santos | BR18: =BD18/$BD$22 -> 0.88895474 | BS18: =BE18/$BE$22 -> 1.1521317 | BT18: =BK18/$BK$22 -> 1.0955152 | BU18: =BL18/$BL$22 -> 1.3835442 | BV18: =BR18-BT18 -> -0.2065605 | BW18: =BS18-BU18 -> -0.23141254 | BX18: =Tabela2[[#This Row],[T]] -> Santos | BY18: =AVERAGEIF($B$2:$B$1469,Tabela2[[#This Row],[T]],$G$2:$G$1214) -> 2.0985714 | BZ18: =AVERAGEIF($C$2:$C$1469,Tabela2[[#This Row],[T]],$I$2:$I$1214) -> 5.5 | CA18: {=_xlfn.STDEV.S(IF($B$2:$B$1469=Tabela2[[#This Row],[T]],$G$2:$G$1183))} -> 0.28404393 | CB18: {=_xlfn.STDEV.S(IF($C$2:$C1485=Tabela2[[#This Row],[T]],$I$2:$I$1183))} -> 3.2451887 | CC18: =CA18/BY18 -> 0.13535109 | CD18: =CB18/BZ18 -> 0.59003432 | CE18: =Tabela2[[#This Row],[T]] -> Santos | CF18: =AVERAGEIF($B$2:$B$1469,Tabela2[[#This Row],[T]],$W$2:$W$1203) -> 1 | CG18: =AVERAGEIF($C$2:$C$1469,Tabela2[[#This Row],[T]],$W$2:$W$1203) -> 0.8 | CH18: =AVERAGEIF($B$2:$B$1469,Tabela2[[#This Row],[T]],$X$2:$X$1203) -> 0.85714286 | CI18: =AVERAGEIF($C$2:$C$1469,Tabela2[[#This Row],[T]],$X$2:$X$1183) -> 0.8 | CJ18: =AVERAGEIF($B$2:$B$1469,Tabela2[[#This Row],[T]],$Y$2:$Y$1203) -> 0.42857143 | CK18: =AVERAGEIF($C$2:$C$1469,Tabela2[[#This Row],[T]],$Y$2:$Y$1203) -> 0.8 | CL18: =AVERAGEIF($B$2:$B$1469,Tabela2[[#This Row],[T]],$Z$2:$Z$1203) -> 0.14285714 | CM18: =AVERAGEIF($C$2:$C$1469,Tabela2[[#This Row],[T]],$Z$2:$Z$1183) -> 0.6 | CN18: =AVERAGEIF($B$2:$B$1469,Tabela2[[#This Row],[T]],$AA$2:$AA$1203) -> 0.14285714 | CO18: =AVERAGEIF($C$2:$C$1469,Tabela2[[#This Row],[T]],$AA$2:$AA$1203) -> 0.2 | CP18: =AVERAGEIF($B$2:$B$1469,Tabela2[[#This Row],[T]],$AB$2:$AB$1203) -> 0 | CQ18: =AVERAGEIF($C$2:$C$1469,Tabela2[[#This Row],[T]],$AB$2:$AB$1183) -> 0.2 | CR18: =Tabela2[[#This Row],[T]] -> Santos | CS18: =AVERAGEIF($B$2:$B$1469,Tabela2[[#This Row],[T]],$AC$2:$AC$1240) -> 0.71428571 | CT18: =AVERAGEIF($C$2:$C$1469,Tabela2[[#This Row],[T]],$AC$2:$AC$1220) -> 0.8 | CU18: =Tabela2[[#This Row],[T]] -> Santos | CV18: =AVERAGEIF($B$2:$B$1240,Tabela2[[#This Row],[T]],$L$2:$L$1205) -> 0.37784803 | CW18: =AVERAGEIF($C$2:$C$1240,Tabela2[[#This Row],[T]],$M$2:$M$1205) -> 0.63018416 | CX18: {=_xlfn.STDEV.S(IF($B$2:$B$1203=Tabela2[[#This Row],[T]],$L$2:$L$1203))} -> 0.12260456 | CY18: {=_xlfn.STDEV.S(IF($C$2:$C$1203=Tabela2[[#This Row],[T]],$M$2:$M$1203))} -> 0.43657695 | CZ18: =Tabela2[[#This Row],[DPPGC]]/Tabela2[[#This Row],[PESOGC]] -> 0.32448115 | DA18: =Tabela2[[#This Row],[DPPGV]]/Tabela2[[#This Row],[PESOGV]] -> 0.69277678 | DB18: =Tabela2[[#This Row],[T]] -> Santos | DC18: =AVERAGEIF($B$2:$B$1240,Tabela2[[#This Row],[T]],$AO$2:$AO$1205) -> 0.37135989 | DD18: =AVERAGEIF($C$2:$C$1240,Tabela2[[#This Row],[T]],$AP$2:$AP$1205) -> 0.32923445 | DE18: {=_xlfn.STDEV.S(IF($B$2:$B$1203=Tabela2[[#This Row],[T]],$AO$2:$AO$1203))} -> 0.10784089 | DF18: {=_xlfn.STDEV.S(IF($C$2:$C$1203=Tabela2[[#This Row],[T]],$AP$2:$AP$1203))} -> 0.38074538 | DG18: =Tabela2[[#This Row],[DPCGC]]/Tabela2[[#This Row],[CUSTGC]] -> 0.29039456 | DH18: =Tabela2[[#This Row],[DPCGV]]/Tabela2[[#This Row],[CUSTGV]] -> 1.1564567 | DI18: =Tabela2[[#This Row],[T]] -> Santos | DJ18: =AR18*BY18 -> 3.2977551 | DK18: =AS18*BZ18 -> 2.2 | DL18: =Tabela2[[#This Row],[T]] -> Santos | DM18: =SUMIF($B$2:$B$1340,Tabela2[[#This Row],[T]],$R$2:$R$1240) -> -1.28 | DN18: =SUMIF($C$2:$C$1340,Tabela2[[#This Row],[T]],$S$2:$S$1240) -> -5 | DO18: =SUMIF($B$2:$B$1240,Tabela2[[#This Row],[T]],$T$2:$T$1240) -> -0.9 | DP18: =SUMIF($C$2:$C$1240,Tabela2[[#This Row],[T]],$T$2:$T$1240) -> 2.3
A19: 46058 | B19: Vasco | C19: Chapecoense-SC | D19: 1 | E19: 1 | F19: D | G19: 1.53 | H19: 3.9 | I19: 6 | J19: =IF(A19="","",IF(F19="H",3,IF(F19="D",1,0))) -> 1 | K19: =IF(A19="","",IF(F19="H",0,IF(F19="D",1,3))) -> 1 | L19: =IF(A19="","",D19/I19) -> 0.16666667 | M19: =IF(A19="","",E19/G19) -> 0.65359477 | N19: =IF(A19="","",Tabela1[[#This Row],[PTC]]*Tabela1[[#This Row],[ODDC]]) -> 1.53 | O19: =IF(A19="","",Tabela1[[#This Row],[PTV]]*Tabela1[[#This Row],[ODDV]]) -> 6 | P19: =IF(A19="","",D19-E19) -> 0 | Q19: =IF(A19="","",E19-D19) -> 0 | R19: =IF(A19="","",IF(F19="H",G19-1,-1)) -> -1 | S19: =IF(A19="","",IF(F19="A",I19-1,-1)) -> -1 | T19: =IF(A19="","",IF(F19="D",Tabela1[[#This Row],[ODDE]]-1,-1)) -> 2.9 | U19: =IF(A19="","",IF(AND(Tabela1[[#This Row],[FTHG]]>3,F19="H"),1,0)) -> 0 | V19: =IF(A19="","",IF(AND(Tabela1[[#This Row],[FTAG]]>3,F19="A"),1,0)) -> 0 | W19: =IF(A19="","",IF(D19+E19>0,1,0)) -> 1 | X19: =IF(A19="","",IF(D19+E19>1,1,0)) -> 1 | Y19: =IF(A19="","",IF(D19+E19>2,1,0)) -> 0 | Z19: =IF(A19="","",IF(D19+E19>3,1,0)) -> 0 | AA19: =IF(A19="","",IF(D19+E19>4,1,0)) -> 0 | AB19: =IF(A19="","",IF(D19+E19>5,1,0)) -> 0 | AC19: =IF(A19="","",IFERROR(IF(AND(D19>0,E19>0),1,0),0)) -> 1 | AD19: =IF(A19="","",UPPER(TEXT(A19,"MMM"))) -> FEV | AE19: =IF(A19="","",COUNT($N$2:N19)) -> 18 | AF19: =IF(A19="","",IF(F19="H",1,0)) -> 0 | AG19: =IF(A19="","",IF(F19="D",1,0)) -> 1 | AH19: =IF(A19="","",IF(F19="A",1,0)) -> 0 | AI19: =IF(A19="","",IF(G19<1.21,"1,01-1,2",IF(G19<1.41,"1,21-1,4",IF(G19<1.71,"1,41-1,7",IF(G19<2.01,"1,71-2,0",IF(G19<2.41,"2,01-2,4",IF(G19<3.01,"2,41-3,0",IF(G19<4.01,"3,01-4.0",IF(G19<5.51,"4,01-5,5",IF(G19<9.01,"5,51-9,0",IF(G19<16.01,"9,01-16","Z16-99"))))))))))) -> 1,41-1,7 | AJ19: =IF(A19="","",IF(I19<1.21,"1,01-1,2",IF(I19<1.41,"1,21-1,4",IF(I19<1.71,"1,41-1,7",IF(I19<2.01,"1,71-2,0",IF(I19<2.41,"2,01-2,4",IF(I19<3.01,"2,41-3,0",IF(I19<4.01,"3,01-4.0",IF(I19<5.51,"4,01-5,5",IF(I19<9.01,"5,51-9,0",IF(I19<16.01,"9,01-16","Z16-99"))))))))))) -> 5,51-9,0 | AK19: =IF(A19="","",1/Tabela1[[#This Row],[ODDC]]) -> 0.65359477 | AL19: =IF(A19="","",1/Tabela1[[#This Row],[ODDE]]) -> 0.25641026 | AM19: =IF(A19="","",1/Tabela1[[#This Row],[ODDV]]) -> 0.16666667 | AN19: =IF(A19="","",1-(Tabela1[[#This Row],[p(H)]]+Tabela1[[#This Row],[p(D)]]+Tabela1[[#This Row],[p(A)]])) -> -0.076671694 | AO19: =IF(A19="","",IFERROR(Tabela1[[#This Row],[p(H)]]/Tabela1[[#This Row],[FTHG]],1)) -> 0.65359477 | AP19: =IF(A19="","",IFERROR(Tabela1[[#This Row],[p(A)]]/Tabela1[[#This Row],[FTAG]],1)) -> 0.16666667 | AQ19: Sao Paulo | AR19: =AVERAGEIF($B$2:$B$1203,Tabela2[[#This Row],[T]],$J$2:$J$1214) -> 2.4 | AS19: =AVERAGEIF($C$2:$C$1203,Tabela2[[#This Row],[T]],$K$2:$K$1214) -> 1.1428571 | AT19: {=_xlfn.STDEV.S(IF($B$2:$B$1203=Tabela2[[#This Row],[T]],$J$2:$J$1203))} -> 1.3416408 | AU19: {=_xlfn.STDEV.S(IF($C$2:$C$1203=Tabela2[[#This Row],[T]],$K$2:$K$1203))} -> 1.3451854 | AV19: =Tabela2[[#This Row],[DPMPTC]]/Tabela2[[#This Row],[MPTC]] -> 0.55901699 | AW19: =Tabela2[[#This Row],[DPMPTV]]/Tabela2[[#This Row],[MPTV]] -> 1.1770372 | AX19: =Tabela2[[#This Row],[T]] -> Sao Paulo | AY19: =AVERAGEIF($B$2:$B$1203,Tabela2[[#This Row],[T]],$U$2:$U$1194) -> 0.2 | AZ19: =AVERAGEIF($B$2:$B$1203,Tabela2[[#This Row],[T]],$V$2:$V$1194) -> 0 | BA19: =AVERAGEIF($C$2:$C$1203,Tabela2[[#This Row],[T1]],$V$2:$V$1194) -> 0 | BB19: =AVERAGEIF($C$2:$C$1203,Tabela2[[#This Row],[T]],$U$2:$U$1194) -> 0 | BC19: =Tabela2[[#This Row],[T]] -> Sao Paulo | BD19: =AVERAGEIF($B$2:$B$1203,Tabela2[[#This Row],[T]],$D$2:$D$1203) -> 2 | BE19: =AVERAGEIF($C$2:$C$1203,Tabela2[[#This Row],[T]],$E$2:$E$1203) -> 0.85714286 | BF19: {=_xlfn.STDEV.S(IF($B$2:$B$1203=Tabela2[[#This Row],[T]],$D$2:$D$1203))} -> 1.4142136 | BG19: {=_xlfn.STDEV.S(IF($C$2:$C$1203=Tabela2[[#This Row],[T]],$E$2:$E$1203))} -> 0.69006556 | BH19: =BF19/BD19 -> 0.70710678 | BI19: =BG19/BE19 -> 0.80507649 | BJ19: =Tabela2[[#This Row],[T]] -> Sao Paulo | BK19: =AVERAGEIF($B$2:$B$1203,Tabela2[[#This Row],[T]],$E$2:$E$1203) -> 0.6 | BL19: =AVERAGEIF($C$2:$C$1203,Tabela2[[#This Row],[T]],$D$2:$D$1203) -> 1.1428571 | BM19: {=_xlfn.STDEV.S(IF($B$2:$B$1203=Tabela2[[#This Row],[T]],$E$2:$E$1203))} -> 0.54772256 | BN19: {=_xlfn.STDEV.S(IF($C$2:$C$1203=Tabela2[[#This Row],[T]],$D$2:$D$1203))} -> 0.69006556 | BO19: =BM19/BK19 -> 0.91287093 | BP19: =BN19/BL19 -> 0.60380736 | BQ19: =Tabela2[[#This Row],[T]] -> Sao Paulo | BR19: =BD19/$BD$22 -> 1.2445366 | BS19: =BE19/$BE$22 -> 0.82295119 | BT19: =BK19/$BK$22 -> 0.5751455 | BU19: =BL19/$BL$22 -> 0.71872426 | BV19: =BR19-BT19 -> 0.66939113 | BW19: =BS19-BU19 -> 0.10422693 | BX19: =Tabela2[[#This Row],[T]] -> Sao Paulo | BY19: =AVERAGEIF($B$2:$B$1469,Tabela2[[#This Row],[T]],$G$2:$G$1214) -> 2.344 | BZ19: =AVERAGEIF($C$2:$C$1469,Tabela2[[#This Row],[T]],$I$2:$I$1214) -> 3.2285714 | CA19: {=_xlfn.STDEV.S(IF($B$2:$B$1469=Tabela2[[#This Row],[T]],$G$2:$G$1183))} -> 0.86975859 | CB19: {=_xlfn.STDEV.S(IF($C$2:$C1486=Tabela2[[#This Row],[T]],$I$2:$I$1183))} -> 0.38606686 | CC19: =CA19/BY19 -> 0.37105742 | CD19: =CB19/BZ19 -> 0.11957823 | CE19: =Tabela2[[#This Row],[T]] -> Sao Paulo | CF19: =AVERAGEIF($B$2:$B$1469,Tabela2[[#This Row],[T]],$W$2:$W$1203) -> 1 | CG19: =AVERAGEIF($C$2:$C$1469,Tabela2[[#This Row],[T]],$W$2:$W$1203) -> 1 | CH19: =AVERAGEIF($B$2:$B$1469,Tabela2[[#This Row],[T]],$X$2:$X$1203) -> 0.8 | CI19: =AVERAGEIF($C$2:$C$1469,Tabela2[[#This Row],[T]],$X$2:$X$1183) -> 0.71428571 | CJ19: =AVERAGEIF($B$2:$B$1469,Tabela2[[#This Row],[T]],$Y$2:$Y$1203) -> 0.4 | CK19: =AVERAGEIF($C$2:$C$1469,Tabela2[[#This Row],[T]],$Y$2:$Y$1203) -> 0.28571429 | CL19: =AVERAGEIF($B$2:$B$1469,Tabela2[[#This Row],[T]],$Z$2:$Z$1203) -> 0.2 | CM19: =AVERAGEIF($C$2:$C$1469,Tabela2[[#This Row],[T]],$Z$2:$Z$1183) -> 0 | CN19: =AVERAGEIF($B$2:$B$1469,Tabela2[[#This Row],[T]],$AA$2:$AA$1203) -> 0.2 | CO19: =AVERAGEIF($C$2:$C$1469,Tabela2[[#This Row],[T]],$AA$2:$AA$1203) -> 0 | CP19: =AVERAGEIF($B$2:$B$1469,Tabela2[[#This Row],[T]],$AB$2:$AB$1203) -> 0 | CQ19: =AVERAGEIF($C$2:$C$1469,Tabela2[[#This Row],[T]],$AB$2:$AB$1183) -> 0 | CR19: =Tabela2[[#This Row],[T]] -> Sao Paulo | CS19: =AVERAGEIF($B$2:$B$1469,Tabela2[[#This Row],[T]],$AC$2:$AC$1240) -> 0.4 | CT19: =AVERAGEIF($C$2:$C$1469,Tabela2[[#This Row],[T]],$AC$2:$AC$1220) -> 0.57142857 | CU19: =Tabela2[[#This Row],[T]] -> Sao Paulo | CV19: =AVERAGEIF($B$2:$B$1240,Tabela2[[#This Row],[T]],$L$2:$L$1205) -> 0.55896104 | CW19: =AVERAGEIF($C$2:$C$1240,Tabela2[[#This Row],[T]],$M$2:$M$1205) -> 0.38117686 | CX19: {=_xlfn.STDEV.S(IF($B$2:$B$1203=Tabela2[[#This Row],[T]],$L$2:$L$1203))} -> 0.46589967 | CY19: {=_xlfn.STDEV.S(IF($C$2:$C$1203=Tabela2[[#This Row],[T]],$M$2:$M$1203))} -> 0.2993611 | CZ19: =Tabela2[[#This Row],[DPPGC]]/Tabela2[[#This Row],[PESOGC]] -> 0.83351009 | DA19: =Tabela2[[#This Row],[DPPGV]]/Tabela2[[#This Row],[PESOGV]] -> 0.78536012 | DB19: =Tabela2[[#This Row],[T]] -> Sao Paulo | DC19: =AVERAGEIF($B$2:$B$1240,Tabela2[[#This Row],[T]],$AO$2:$AO$1205) -> 0.37458131 | DD19: =AVERAGEIF($C$2:$C$1240,Tabela2[[#This Row],[T]],$AP$2:$AP$1205) -> 0.47830988 | DE19: {=_xlfn.STDEV.S(IF($B$2:$B$1203=Tabela2[[#This Row],[T]],$AO$2:$AO$1203))} -> 0.36336905 | DF19: {=_xlfn.STDEV.S(IF($C$2:$C$1203=Tabela2[[#This Row],[T]],$AP$2:$AP$1203))} -> 0.36060392 | DG19: =Tabela2[[#This Row],[DPCGC]]/Tabela2[[#This Row],[CUSTGC]] -> 0.97006722 | DH19: =Tabela2[[#This Row],[DPCGV]]/Tabela2[[#This Row],[CUSTGV]] -> 0.75391274 | DI19: =Tabela2[[#This Row],[T]] -> Sao Paulo | DJ19: =AR19*BY19 -> 5.6256 | DK19: =AS19*BZ19 -> 3.6897959 | DL19: =Tabela2[[#This Row],[T]] -> Sao Paulo | DM19: =SUMIF($B$2:$B$1340,Tabela2[[#This Row],[T]],$R$2:$R$1240) -> 4.15 | DN19: =SUMIF($C$2:$C$1340,Tabela2[[#This Row],[T]],$S$2:$S$1240) -> -0.8 | DO19: =SUMIF($B$2:$B$1240,Tabela2[[#This Row],[T]],$T$2:$T$1240) -> -5 | DP19: =SUMIF($C$2:$C$1240,Tabela2[[#This Row],[T]],$T$2:$T$1240) -> -0.9
A20: 46059 | B20: Cruzeiro | C20: Coritiba | D20: 1 | E20: 2 | F20: A | G20: 1.35 | H20: 4.33 | I20: 9.5 | J20: =IF(A20="","",IF(F20="H",3,IF(F20="D",1,0))) -> 0 | K20: =IF(A20="","",IF(F20="H",0,IF(F20="D",1,3))) -> 3 | L20: =IF(A20="","",D20/I20) -> 0.10526316 | M20: =IF(A20="","",E20/G20) -> 1.4814815 | N20: =IF(A20="","",Tabela1[[#This Row],[PTC]]*Tabela1[[#This Row],[ODDC]]) -> 0 | O20: =IF(A20="","",Tabela1[[#This Row],[PTV]]*Tabela1[[#This Row],[ODDV]]) -> 28.5 | P20: =IF(A20="","",D20-E20) -> -1 | Q20: =IF(A20="","",E20-D20) -> 1 | R20: =IF(A20="","",IF(F20="H",G20-1,-1)) -> -1 | S20: =IF(A20="","",IF(F20="A",I20-1,-1)) -> 8.5 | T20: =IF(A20="","",IF(F20="D",Tabela1[[#This Row],[ODDE]]-1,-1)) -> -1 | U20: =IF(A20="","",IF(AND(Tabela1[[#This Row],[FTHG]]>3,F20="H"),1,0)) -> 0 | V20: =IF(A20="","",IF(AND(Tabela1[[#This Row],[FTAG]]>3,F20="A"),1,0)) -> 0 | W20: =IF(A20="","",IF(D20+E20>0,1,0)) -> 1 | X20: =IF(A20="","",IF(D20+E20>1,1,0)) -> 1 | Y20: =IF(A20="","",IF(D20+E20>2,1,0)) -> 1 | Z20: =IF(A20="","",IF(D20+E20>3,1,0)) -> 0 | AA20: =IF(A20="","",IF(D20+E20>4,1,0)) -> 0 | AB20: =IF(A20="","",IF(D20+E20>5,1,0)) -> 0 | AC20: =IF(A20="","",IFERROR(IF(AND(D20>0,E20>0),1,0),0)) -> 1 | AD20: =IF(A20="","",UPPER(TEXT(A20,"MMM"))) -> FEV | AE20: =IF(A20="","",COUNT($N$2:N20)) -> 19 | AF20: =IF(A20="","",IF(F20="H",1,0)) -> 0 | AG20: =IF(A20="","",IF(F20="D",1,0)) -> 0 | AH20: =IF(A20="","",IF(F20="A",1,0)) -> 1 | AI20: =IF(A20="","",IF(G20<1.21,"1,01-1,2",IF(G20<1.41,"1,21-1,4",IF(G20<1.71,"1,41-1,7",IF(G20<2.01,"1,71-2,0",IF(G20<2.41,"2,01-2,4",IF(G20<3.01,"2,41-3,0",IF(G20<4.01,"3,01-4.0",IF(G20<5.51,"4,01-5,5",IF(G20<9.01,"5,51-9,0",IF(G20<16.01,"9,01-16","Z16-99"))))))))))) -> 1,21-1,4 | AJ20: =IF(A20="","",IF(I20<1.21,"1,01-1,2",IF(I20<1.41,"1,21-1,4",IF(I20<1.71,"1,41-1,7",IF(I20<2.01,"1,71-2,0",IF(I20<2.41,"2,01-2,4",IF(I20<3.01,"2,41-3,0",IF(I20<4.01,"3,01-4.0",IF(I20<5.51,"4,01-5,5",IF(I20<9.01,"5,51-9,0",IF(I20<16.01,"9,01-16","Z16-99"))))))))))) -> 9,01-16 | AK20: =IF(A20="","",1/Tabela1[[#This Row],[ODDC]]) -> 0.74074074 | AL20: =IF(A20="","",1/Tabela1[[#This Row],[ODDE]]) -> 0.23094688 | AM20: =IF(A20="","",1/Tabela1[[#This Row],[ODDV]]) -> 0.10526316 | AN20: =IF(A20="","",1-(Tabela1[[#This Row],[p(H)]]+Tabela1[[#This Row],[p(D)]]+Tabela1[[#This Row],[p(A)]])) -> -0.076950781 | AO20: =IF(A20="","",IFERROR(Tabela1[[#This Row],[p(H)]]/Tabela1[[#This Row],[FTHG]],1)) -> 0.74074074 | AP20: =IF(A20="","",IFERROR(Tabela1[[#This Row],[p(A)]]/Tabela1[[#This Row],[FTAG]],1)) -> 0.052631579 | AQ20: Vasco | AR20: =AVERAGEIF($B$2:$B$1203,Tabela2[[#This Row],[T]],$J$2:$J$1214) -> 1.8571429 | AS20: =AVERAGEIF($C$2:$C$1203,Tabela2[[#This Row],[T]],$K$2:$K$1214) -> 0.6 | AT20: {=_xlfn.STDEV.S(IF($B$2:$B$1203=Tabela2[[#This Row],[T]],$J$2:$J$1203))} -> 1.4638501 | AU20: {=_xlfn.STDEV.S(IF($C$2:$C$1203=Tabela2[[#This Row],[T]],$K$2:$K$1203))} -> 0.54772256 | AV20: =Tabela2[[#This Row],[DPMPTC]]/Tabela2[[#This Row],[MPTC]] -> 0.78822698 | AW20: =Tabela2[[#This Row],[DPMPTV]]/Tabela2[[#This Row],[MPTV]] -> 0.91287093 | AX20: =Tabela2[[#This Row],[T]] -> Vasco | AY20: =AVERAGEIF($B$2:$B$1203,Tabela2[[#This Row],[T]],$U$2:$U$1194) -> 0 | AZ20: =AVERAGEIF($B$2:$B$1203,Tabela2[[#This Row],[T]],$V$2:$V$1194) -> 0 | BA20: =AVERAGEIF($C$2:$C$1203,Tabela2[[#This Row],[T1]],$V$2:$V$1194) -> 0 | BB20: =AVERAGEIF($C$2:$C$1203,Tabela2[[#This Row],[T]],$U$2:$U$1194) -> 0 | BC20: =Tabela2[[#This Row],[T]] -> Vasco | BD20: =AVERAGEIF($B$2:$B$1203,Tabela2[[#This Row],[T]],$D$2:$D$1203) -> 1.5714286 | BE20: =AVERAGEIF($C$2:$C$1203,Tabela2[[#This Row],[T]],$E$2:$E$1203) -> 1.4 | BF20: {=_xlfn.STDEV.S(IF($B$2:$B$1203=Tabela2[[#This Row],[T]],$D$2:$D$1203))} -> 0.97590007 | BG20: {=_xlfn.STDEV.S(IF($C$2:$C$1203=Tabela2[[#This Row],[T]],$E$2:$E$1203))} -> 0.89442719 | BH20: =BF20/BD20 -> 0.62102732 | BI20: =BG20/BE20 -> 0.63887656 | BJ20: =Tabela2[[#This Row],[T]] -> Vasco | BK20: =AVERAGEIF($B$2:$B$1203,Tabela2[[#This Row],[T]],$E$2:$E$1203) -> 1.2857143 | BL20: =AVERAGEIF($C$2:$C$1203,Tabela2[[#This Row],[T]],$D$2:$D$1203) -> 1.8 | BM20: {=_xlfn.STDEV.S(IF($B$2:$B$1203=Tabela2[[#This Row],[T]],$E$2:$E$1203))} -> 0.48795004 | BN20: {=_xlfn.STDEV.S(IF($C$2:$C$1203=Tabela2[[#This Row],[T]],$D$2:$D$1203))} -> 0.83666003 | BO20: =IFERROR(BM20/BK20,0) -> 0.3795167 | BP20: =BN20/BL20 -> 0.46481113 | BQ20: =Tabela2[[#This Row],[T]] -> Vasco | BR20: =BD20/$BD$22 -> 0.97785021 | BS20: =BE20/$BE$22 -> 1.3441536 | BT20: =BK20/$BK$22 -> 1.2324546 | BU20: =BL20/$BL$22 -> 1.1319907 | BV20: =BR20-BT20 -> -0.25460443 | BW20: =BS20-BU20 -> 0.2121629 | BX20: =Tabela2[[#This Row],[T]] -> Vasco | BY20: =AVERAGEIF($B$2:$B$1469,Tabela2[[#This Row],[T]],$G$2:$G$1214) -> 2.3228571 | BZ20: =AVERAGEIF($C$2:$C$1469,Tabela2[[#This Row],[T]],$I$2:$I$1214) -> 3.54 | CA20: {=_xlfn.STDEV.S(IF($B$2:$B$1469=Tabela2[[#This Row],[T]],$G$2:$G$1183))} -> 0.78268159 | CB20: {=_xlfn.STDEV.S(IF($C$2:$C1487=Tabela2[[#This Row],[T]],$I$2:$I$1183))} -> 0.88133422 | CC20: =CA20/BY20 -> 0.3369478 | CD20: =CB20/BZ20 -> 0.24896447 | CE20: =Tabela2[[#This Row],[T]] -> Vasco | CF20: =AVERAGEIF($B$2:$B$1469,Tabela2[[#This Row],[T]],$W$2:$W$1203) -> 1 | CG20: =AVERAGEIF($C$2:$C$1469,Tabela2[[#This Row],[T]],$W$2:$W$1203) -> 1 | CH20: =AVERAGEIF($B$2:$B$1469,Tabela2[[#This Row],[T]],$X$2:$X$1203) -> 0.85714286 | CI20: =AVERAGEIF($C$2:$C$1469,Tabela2[[#This Row],[T]],$X$2:$X$1183) -> 1 | CJ20: =AVERAGEIF($B$2:$B$1469,Tabela2[[#This Row],[T]],$Y$2:$Y$1203) -> 0.71428571 | CK20: =AVERAGEIF($C$2:$C$1469,Tabela2[[#This Row],[T]],$Y$2:$Y$1203) -> 0.6 | CL20: =AVERAGEIF($B$2:$B$1469,Tabela2[[#This Row],[T]],$Z$2:$Z$1203) -> 0.14285714 | CM20: =AVERAGEIF($C$2:$C$1469,Tabela2[[#This Row],[T]],$Z$2:$Z$1183) -> 0.2 | CN20: =AVERAGEIF($B$2:$B$1469,Tabela2[[#This Row],[T]],$AA$2:$AA$1203) -> 0.14285714 | CO20: =AVERAGEIF($C$2:$C$1469,Tabela2[[#This Row],[T]],$AA$2:$AA$1203) -> 0.2 | CP20: =AVERAGEIF($B$2:$B$1469,Tabela2[[#This Row],[T]],$AB$2:$AB$1203) -> 0 | CQ20: =AVERAGEIF($C$2:$C$1469,Tabela2[[#This Row],[T]],$AB$2:$AB$1183) -> 0.2 | CR20: =Tabela2[[#This Row],[T]] -> Vasco | CS20: =AVERAGEIF($B$2:$B$1469,Tabela2[[#This Row],[T]],$AC$2:$AC$1240) -> 0.85714286 | CT20: =AVERAGEIF($C$2:$C$1469,Tabela2[[#This Row],[T]],$AC$2:$AC$1220) -> 1 | CU20: =Tabela2[[#This Row],[T]] -> Vasco | CV20: =AVERAGEIF($B$2:$B$1240,Tabela2[[#This Row],[T]],$L$2:$L$1205) -> 0.52800296 | CW20: =AVERAGEIF($C$2:$C$1240,Tabela2[[#This Row],[T]],$M$2:$M$1205) -> 0.66827317 | CX20: {=_xlfn.STDEV.S(IF($B$2:$B$1203=Tabela2[[#This Row],[T]],$L$2:$L$1203))} -> 0.48235818 | CY20: {=_xlfn.STDEV.S(IF($C$2:$C$1203=Tabela2[[#This Row],[T]],$M$2:$M$1203))} -> 0.51211753 | CZ20: =Tabela2[[#This Row],[DPPGC]]/Tabela2[[#This Row],[PESOGC]] -> 0.91355202 | DA20: =Tabela2[[#This Row],[DPPGV]]/Tabela2[[#This Row],[PESOGV]] -> 0.76632963 | DB20: =Tabela2[[#This Row],[T]] -> Vasco | DC20: =AVERAGEIF($B$2:$B$1240,Tabela2[[#This Row],[T]],$AO$2:$AO$1205) -> 0.42193353 | DD20: =AVERAGEIF($C$2:$C$1240,Tabela2[[#This Row],[T]],$AP$2:$AP$1205) -> 0.26637807 | DE20: {=_xlfn.STDEV.S(IF($B$2:$B$1203=Tabela2[[#This Row],[T]],$AO$2:$AO$1203))} -> 0.3233746 | DF20: {=_xlfn.STDEV.S(IF($C$2:$C$1203=Tabela2[[#This Row],[T]],$AP$2:$AP$1203))} -> 0.12672576 | DG20: =Tabela2[[#This Row],[DPCGC]]/Tabela2[[#This Row],[CUSTGC]] -> 0.76641124 | DH20: =Tabela2[[#This Row],[DPCGV]]/Tabela2[[#This Row],[CUSTGV]] -> 0.47573648 | DI20: =Tabela2[[#This Row],[T]] -> Vasco | DJ20: =AR20*BY20 -> 4.3138776 | DK20: =AS20*BZ20 -> 2.124 | DL20: =Tabela2[[#This Row],[T]] -> Vasco | DM20: =SUMIF($B$2:$B$1340,Tabela2[[#This Row],[T]],$R$2:$R$1240) -> 3.62 | DN20: =SUMIF($C$2:$C$1340,Tabela2[[#This Row],[T]],$S$2:$S$1240) -> -5 | DO20: =SUMIF($B$2:$B$1240,Tabela2[[#This Row],[T]],$T$2:$T$1240) -> -3.1 | DP20: =SUMIF($C$2:$C$1240,Tabela2[[#This Row],[T]],$T$2:$T$1240) -> 4.6
